wavelength,front_ref,transmittance
400,0.041277501,0.00223446
401,0.041286841,0.002067793
402,0.041285872,0.001911559
403,0.041315061,0.001774857
404,0.041388197,0.001664114
405,0.041467719,0.001590842
406,0.041564909,0.001545747
407,0.041676074,0.001505863
408,0.04181421,0.001470801
409,0.041941573,0.001449768
410,0.042041729,0.001421157
411,0.042127646,0.00138437
412,0.042253843,0.001353855
413,0.042396094,0.001342324
414,0.042565576,0.001336857
415,0.042709376,0.001334032
416,0.042867521,0.001338529
417,0.043012997,0.001345207
418,0.04315959,0.001358394
419,0.04331859,0.00136587
420,0.043476415,0.001364854
421,0.043605997,0.001350833
422,0.043762325,0.001338634
423,0.043919087,0.00132844
424,0.044091034,0.00133022
425,0.044276585,0.001333474
426,0.044421039,0.001326665
427,0.044498542,0.001314373
428,0.044590218,0.001307861
429,0.04470884,0.001303944
430,0.044799527,0.001290451
431,0.044876027,0.001270685
432,0.044979721,0.001254935
433,0.045071475,0.001247509
434,0.045150227,0.001241615
435,0.045216386,0.001240024
436,0.045282581,0.001238527
437,0.045336399,0.001242833
438,0.045377717,0.001252168
439,0.045419587,0.001264968
440,0.045476508,0.001288821
441,0.045537118,0.001335596
442,0.045573055,0.001393544
443,0.0456091,0.001451079
444,0.045620692,0.001520583
445,0.045648309,0.001604516
446,0.04563676,0.001691199
447,0.045626857,0.001785292
448,0.045621416,0.001901658
449,0.045607648,0.002041631
450,0.045584601,0.002198626
451,0.045565144,0.002369131
452,0.045538811,0.002566056
453,0.045514961,0.002768807
454,0.045478746,0.002970445
455,0.045444676,0.00317644
456,0.045398705,0.003383814
457,0.04537007,0.003603173
458,0.045338447,0.003805349
459,0.045293092,0.004002246
460,0.045259453,0.004189033
461,0.045209627,0.004361987
462,0.045155637,0.004516532
463,0.045100172,0.00466366
464,0.045046908,0.004817516
465,0.044998288,0.004987011
466,0.044971051,0.005134475
467,0.044929257,0.005276378
468,0.044895196,0.005396442
469,0.044887489,0.005513756
470,0.0448653,0.005626498
471,0.044847387,0.005706061
472,0.044817502,0.005790452
473,0.044799327,0.005868356
474,0.044780741,0.00594449
475,0.044759897,0.00601246
476,0.044751705,0.006077398
477,0.044737513,0.006167815
478,0.044724888,0.006263161
479,0.044711238,0.006354538
480,0.044691356,0.006470008
481,0.044683757,0.006626076
482,0.044658949,0.006813389
483,0.044642562,0.007026728
484,0.044616529,0.007294362
485,0.044605716,0.007607515
486,0.044574586,0.007980384
487,0.044550993,0.008412999
488,0.044544161,0.008930534
489,0.044530906,0.009540682
490,0.044534042,0.01022594
491,0.04454175,0.010987841
492,0.044567956,0.011861115
493,0.044611475,0.012836878
494,0.044682457,0.013900549
495,0.044788583,0.015103157
496,0.044939696,0.016427444
497,0.045148543,0.017898312
498,0.04541853,0.019516637
499,0.045745545,0.021266554
500,0.046154376,0.023198192
501,0.046636362,0.025285173
502,0.047220321,0.027551164
503,0.047906869,0.029990009
504,0.048694209,0.032623217
505,0.049604839,0.0354266
506,0.05065516,0.038455979
507,0.051868524,0.041684094
508,0.05320618,0.045092951
509,0.054721139,0.048709733
510,0.056395825,0.052525017
511,0.058263609,0.056556497
512,0.060318339,0.060815301
513,0.06256297,0.065264634
514,0.064971481,0.069852834
515,0.067598669,0.074625842
516,0.070343142,0.079481598
517,0.07324425,0.084409
518,0.076244433,0.089384643
519,0.079348937,0.094343541
520,0.082514017,0.099290722
521,0.085718963,0.104160335
522,0.088946198,0.108965643
523,0.092125615,0.113572111
524,0.095218824,0.117969147
525,0.098197616,0.1220845
526,0.101025042,0.125952803
527,0.103679403,0.129512291
528,0.106112428,0.13274545
529,0.108356674,0.135662222
530,0.110409709,0.138305779
531,0.112238055,0.140637139
532,0.113842804,0.142662701
533,0.115255856,0.14442829
534,0.116471248,0.145929181
535,0.117505187,0.147189038
536,0.118354349,0.148248207
537,0.119092012,0.149117945
538,0.119689287,0.14984717
539,0.120186564,0.150446179
540,0.120522374,0.150836255
541,0.120926103,0.151313357
542,0.121215916,0.151686353
543,0.121505647,0.152015943
544,0.121757885,0.152340129
545,0.122060578,0.152728923
546,0.122323952,0.153110184
547,0.122634702,0.153552115
548,0.122913921,0.153953461
549,0.123225839,0.154439966
550,0.123416786,0.154771471
551,0.123567756,0.155051832
552,0.123582889,0.155201766
553,0.123540361,0.155321485
554,0.123367878,0.155274594
555,0.123052358,0.155087473
556,0.122524477,0.154626584
557,0.121932903,0.154125848
558,0.121130298,0.153350597
559,0.120197683,0.152403812
560,0.11920358,0.15141656
561,0.118077273,0.150252134
562,0.116818744,0.148908597
563,0.115435057,0.147393093
564,0.113933854,0.145713438
565,0.112323266,0.143878044
566,0.110611839,0.141895843
567,0.108808424,0.139776176
568,0.106922065,0.137528675
569,0.104961936,0.135163203
570,0.102997384,0.132772196
571,0.100983689,0.130251724
572,0.099032365,0.127796517
573,0.097140922,0.125404154
574,0.095306991,0.123072335
575,0.093589829,0.120845815
576,0.091922741,0.1186729
577,0.090400446,0.116690699
578,0.088966049,0.114820396
579,0.087624749,0.113031969
580,0.0863615,0.111345357
581,0.085171966,0.109755818
582,0.084062576,0.10823536
583,0.083019237,0.106804001
584,0.08203859,0.105457997
585,0.081157596,0.104254038
586,0.080292551,0.103067767
587,0.079492215,0.101934868
588,0.07877109,0.100955392
589,0.078108908,0.100023068
590,0.077493231,0.099158127
591,0.076958738,0.098414508
592,0.076430569,0.097677992
593,0.075979767,0.097058391
594,0.075568706,0.096498371
595,0.075231263,0.096050936
596,0.074861618,0.09555226
597,0.074529403,0.095110526
598,0.074199531,0.094671302
599,0.073838068,0.094181487
600,0.073490219,0.093674069
601,0.073068353,0.093086609
602,0.072617916,0.092452215
603,0.072118167,0.091700268
604,0.071518233,0.090824083
605,0.07090653,0.089888094
606,0.070212176,0.08881594
607,0.069440225,0.087613893
608,0.068625553,0.086336353
609,0.067782553,0.084968732
610,0.066932158,0.08358125
611,0.066075889,0.08217595
612,0.06521523,0.080754839
613,0.064336702,0.079258923
614,0.063483195,0.077795658
615,0.062642979,0.076381508
616,0.061860793,0.075020865
617,0.061123073,0.073728032
618,0.060427363,0.072499889
619,0.059815338,0.071409511
620,0.059282018,0.070450346
621,0.058801972,0.06957984
622,0.058403182,0.068883157
623,0.058051541,0.068266699
624,0.057745262,0.067728102
625,0.057511943,0.067351726
626,0.057311589,0.066997727
627,0.057161224,0.066766537
628,0.057040056,0.066621651
629,0.056910672,0.066426948
630,0.056801433,0.06626775
631,0.056653589,0.066039587
632,0.056459545,0.065693689
633,0.056209614,0.065247176
634,0.055890035,0.064604973
635,0.055464169,0.063769659
636,0.054967462,0.062768269
637,0.054353295,0.061514013
638,0.053678704,0.060073138
639,0.052925936,0.05844496
640,0.052122976,0.056677872
641,0.051306729,0.054804432
642,0.050463316,0.05286483
643,0.049637142,0.050874248
644,0.048835487,0.048880821
645,0.048074175,0.046949629
646,0.047363356,0.045102094
647,0.046732898,0.043367177
648,0.046163776,0.04177689
649,0.045668189,0.040359164
650,0.045237274,0.03909912
651,0.044884008,0.037993716
652,0.044563683,0.036985158
653,0.044271193,0.035997121
654,0.043978363,0.035003341
655,0.043675225,0.033948386
656,0.043355851,0.032784615
657,0.043018906,0.031473435
658,0.042675867,0.030037453
659,0.042326605,0.028507049
660,0.04200101,0.026879789
661,0.041692955,0.025207094
662,0.041443422,0.023549994
663,0.041253034,0.021946025
664,0.041118301,0.020423755
665,0.041058435,0.019034864
666,0.041056844,0.017778247
667,0.041120798,0.016678067
668,0.041251456,0.015743465
669,0.041416342,0.014966778
670,0.041624177,0.014338535
671,0.041855223,0.013845516
672,0.042116636,0.01347177
673,0.042417275,0.013205033
674,0.042740014,0.013036103
675,0.043081484,0.012955288
676,0.043456326,0.012963935
677,0.04384219,0.013074343
678,0.044245645,0.013301572
679,0.044654803,0.013683562
680,0.045052001,0.014276931
681,0.045447566,0.015134177
682,0.045812083,0.016343505
683,0.046182774,0.017976206
684,0.046601975,0.020172814
685,0.047117326,0.023008277
686,0.047813884,0.026632449
687,0.048837053,0.031181568
688,0.05033081,0.03673932
689,0.052407468,0.043406723
690,0.055241826,0.051226919
691,0.058933163,0.060202309
692,0.063548467,0.070260814
693,0.06912849,0.081303072
694,0.075678186,0.093195551
695,0.083167269,0.105823738
696,0.09148509,0.118931294
697,0.100578478,0.132488856
698,0.110312199,0.146210789
699,0.120527146,0.159975871
700,0.13116462,0.173690972
701,0.142065882,0.187288846
702,0.152991865,0.200432788
703,0.163957583,0.213263738
704,0.174836854,0.225650878
705,0.185548319,0.237575532
706,0.196115198,0.249035175
707,0.206509558,0.260128523
708,0.216743093,0.270890502
709,0.226802422,0.281207119
710,0.236723919,0.291308111
711,0.246474839,0.301052523
712,0.256093384,0.310553496
713,0.265575931,0.319817095
714,0.274930834,0.328861472
715,0.284117786,0.33765065
716,0.293210417,0.346209614
717,0.302088311,0.354539038
718,0.310771956,0.362605912
719,0.319314339,0.370472831
720,0.32762883,0.378052514
721,0.335723222,0.385422708
722,0.343609244,0.392536954
723,0.351223155,0.399396903
724,0.358582236,0.405960887
725,0.365738089,0.41228661
726,0.372537015,0.418281792
727,0.379083962,0.424059875
728,0.385315612,0.42949293
729,0.391279845,0.434698743
730,0.396947155,0.439649334
731,0.402311166,0.444275054
732,0.407440914,0.448714611
733,0.412268475,0.452899757
734,0.416796892,0.456769748
735,0.421030085,0.460395737
736,0.424988608,0.463800188
737,0.428689306,0.467001525
738,0.432132404,0.470000979
739,0.43536527,0.472782061
740,0.438343768,0.475366115
741,0.441077281,0.477763436
742,0.443596675,0.480006152
743,0.445922546,0.48204983
744,0.448047121,0.483952852
745,0.44998305,0.485728515
746,0.451761597,0.487342957
747,0.453335005,0.488813811
748,0.454741552,0.490180371
749,0.456022168,0.49141836
750,0.45712996,0.492546373
751,0.45824395,0.493614245
752,0.459283557,0.494672543
753,0.460269216,0.495675824
754,0.461208358,0.496631665
755,0.462062323,0.497567269
756,0.462905714,0.498425557
757,0.463669492,0.499269398
758,0.464384972,0.500064137
759,0.465055519,0.500813197
760,0.465681805,0.501517265
761,0.466265065,0.502177599
762,0.466775316,0.502830608
763,0.467274694,0.503405731
764,0.467702896,0.503975495
765,0.468091603,0.504505218
766,0.46844331,0.504997426
767,0.468789003,0.505416453
768,0.469036805,0.505870377
769,0.469280482,0.506253024
770,0.469489853,0.50660087
771,0.4696671,0.506916127
772,0.469781856,0.50723534
773,0.469900283,0.507490966
774,0.469959722,0.5077542
775,0.47002451,0.507955435
776,0.470031115,0.508165179
777,0.470045075,0.508314849
778,0.47003686,0.508442005
779,0.4699767,0.508584133
780,0.469928887,0.508671121
781,0.469870546,0.508747448
782,0.469811306,0.508822928
783,0.469750737,0.508897121
784,0.469690993,0.508972225
785,0.469635084,0.50905131
786,0.46958559,0.509137008
787,0.469536053,0.509222734
788,0.469443394,0.509332732
789,0.469383869,0.509408443
790,0.469366555,0.509459029
791,0.469309977,0.509537854
792,0.469260233,0.509623725
793,0.469205293,0.509704364
794,0.469146877,0.509781527
795,0.469090141,0.509860473
796,0.469032936,0.509939012
797,0.46897612,0.51001802
798,0.468917121,0.510094869
799,0.468861942,0.51017569
800,0.46884441,0.510226401
801,0.468780598,0.51029851
802,0.468717606,0.510371528
803,0.46865929,0.510449392
804,0.468634399,0.510492711
805,0.468570458,0.510564935
806,0.468503914,0.510634567
807,0.468442041,0.510709044
808,0.468384836,0.510788364
809,0.468346598,0.510818198
810,0.468282069,0.510890136
811,0.468249365,0.51092568
812,0.468179656,0.510992424
813,0.4681418,0.511022752
814,0.468070764,0.511088242
815,0.468000977,0.511155078
816,0.467961804,0.511184143
817,0.467884291,0.511243178
818,0.467839553,0.5112666
819,0.467770956,0.511334859
820,0.467730464,0.511362676
821,0.467639661,0.51140831
822,0.467582112,0.511418718
823,0.467504065,0.511477506
824,0.467420884,0.511531104
825,0.467310875,0.5115573
826,0.467214619,0.511528178
827,0.467122912,0.511573202
828,0.467054318,0.511572448
829,0.466906114,0.511559696
830,0.466795304,0.511585302
831,0.466727171,0.511585088
832,0.466592626,0.511586463
833,0.46649739,0.511558518
834,0.466440737,0.511570121
835,0.466390864,0.511588686
836,0.46628857,0.511623253
837,0.466238268,0.511641425
838,0.466161775,0.511702536
839,0.466105539,0.511714673
840,0.466022667,0.511769345
841,0.465979955,0.511795396
842,0.46590212,0.511855334
843,0.465852207,0.511874051
844,0.465778982,0.511938818
845,0.465738347,0.511967101
846,0.465655368,0.512021966
847,0.465617246,0.512052879
848,0.465541825,0.5121156
849,0.465485544,0.512127933
850,0.46542147,0.5122024
851,0.465378247,0.512228182
852,0.465332069,0.512250947
853,0.465291364,0.512279347
854,0.465221732,0.512348286
855,0.465177637,0.512373257
856,0.465121748,0.512386138
857,0.465084803,0.512418482
858,0.465014255,0.512486656
859,0.464958354,0.512499587
860,0.464883137,0.512563071
861,0.464811675,0.51263048
862,0.464762061,0.512649951
863,0.464686352,0.512713104
864,0.464642606,0.512738653
865,0.464587096,0.512752133
866,0.464564839,0.512729267
867,0.464517731,0.512751394
868,0.464478594,0.512781728
869,0.464441969,0.51281466
870,0.464359045,0.512870637
871,0.464291781,0.512872133
872,0.464210928,0.512930337
873,0.464132981,0.512991599
874,0.464072002,0.512999634
875,0.463986065,0.513052783
876,0.463934296,0.513070334
877,0.463840378,0.513115377
878,0.463791112,0.513135551
879,0.463703027,0.513186693
880,0.463630338,0.513182823
881,0.463543488,0.513235334
882,0.46349337,0.513254729
883,0.463426961,0.513257379
884,0.463333818,0.513303547
885,0.46325109,0.513360502
886,0.463205128,0.513384273
887,0.463114441,0.513433139
888,0.463042617,0.513430338
889,0.462957331,0.513484862
890,0.462906346,0.513503563
891,0.462800624,0.513537146
892,0.462742974,0.51354903
893,0.46266471,0.51361099
894,0.462620367,0.513636628
895,0.462528754,0.513684943
896,0.462457371,0.513682778
897,0.462373222,0.513738881
898,0.46232179,0.513757318
899,0.462216844,0.513792094
900,0.462163747,0.513808863
901,0.462108987,0.513823935
902,0.461998638,0.513853271
903,0.46193434,0.513858558
904,0.461852182,0.513917052
905,0.461807363,0.513942469
906,0.461744722,0.513949528
907,0.461623179,0.513967547
908,0.461552683,0.513966551
909,0.461465504,0.514020102
910,0.461411978,0.514036655
911,0.461302441,0.514067246
912,0.461198073,0.514031396
913,0.46107782,0.51405102
914,0.461012742,0.514055746
915,0.460950972,0.5140639
916,0.460816714,0.514069193
917,0.46066218,0.513981649
918,0.460509477,0.513967977
919,0.460427173,0.513955016
920,0.460311179,0.513979322
921,0.460165145,0.513900598
922,0.459905778,0.513776931
923,0.459708634,0.513717552
924,0.459578518,0.513655296
925,0.459387733,0.513602541
926,0.459197468,0.513550367
927,0.45906554,0.513486275
928,0.45883962,0.513325064
929,0.458441477,0.513058109
930,0.458195765,0.512876414
931,0.458019551,0.512766546
932,0.457765135,0.512648133
933,0.457506893,0.512525787
934,0.457293557,0.512449904
935,0.457003315,0.512294512
936,0.456597091,0.511946736
937,0.45624816,0.511658183
938,0.456000659,0.511474538
939,0.455756321,0.511366587
940,0.455343079,0.511083858
941,0.454660333,0.510594611
942,0.454211714,0.510347697
943,0.453954314,0.510153702
944,0.453564121,0.509894722
945,0.453131982,0.509519685
946,0.452704634,0.509149556
947,0.452378643,0.508811828
948,0.452084853,0.508507447
949,0.451421968,0.507893123
950,0.450238368,0.506883978
951,0.449477504,0.506240221
952,0.448938173,0.505826022
953,0.448232273,0.505238973
954,0.447483178,0.504534438
955,0.446817925,0.503916744
956,0.44622419,0.503373141
957,0.445658986,0.502859048
958,0.445147721,0.50247332
959,0.444805431,0.502117991
960,0.444375403,0.501671557
961,0.443693473,0.501180832
962,0.443350649,0.500969738
963,0.443202834,0.500961212
964,0.443056475,0.500881701
965,0.442879713,0.500770603
966,0.442757808,0.500643946
967,0.442638358,0.500592387
968,0.442545592,0.500568562
969,0.442496134,0.500517167
970,0.44243908,0.500457879
971,0.442385842,0.500402556
972,0.442272714,0.500430165
973,0.442148195,0.500445996
974,0.442004713,0.500442174
975,0.441950062,0.500458052
976,0.441929555,0.500509447
977,0.441909036,0.50056085
978,0.441871752,0.500667623
979,0.441868548,0.500809927
980,0.44191244,0.500928433
981,0.441912936,0.501074731
982,0.441917164,0.501225006
983,0.441968571,0.501351466
984,0.442035153,0.501493743
985,0.442141438,0.501604329
986,0.442266765,0.501734726
987,0.442435706,0.501837466
988,0.442608567,0.501944281
989,0.44273796,0.502078882
990,0.442850463,0.502268944
991,0.44300873,0.50250665
992,0.443159457,0.502736552
993,0.443235972,0.502962433
994,0.443304813,0.503180443
995,0.443415594,0.50344221
996,0.443545454,0.503723956
997,0.443671493,0.504001851
998,0.443786061,0.504267928
999,0.443933219,0.504494576
1000,0.444088105,0.504729309
1001,0.444233371,0.505027613
1002,0.444374823,0.505322075
1003,0.444526071,0.505553204
1004,0.44467356,0.505780459
1005,0.444840322,0.506027823
1006,0.445055457,0.506251863
1007,0.445249394,0.506527577
1008,0.44548416,0.506772059
1009,0.445678433,0.507048171
1010,0.445876703,0.50732849
1011,0.446041994,0.507648405
1012,0.446236651,0.507925081
1013,0.446408255,0.508177788
1014,0.446576097,0.508426617
1015,0.446785087,0.508644304
1016,0.446953179,0.508893442
1017,0.44708023,0.509173981
1018,0.447226673,0.509474849
1019,0.447441574,0.509772946
1020,0.447626985,0.510114629
1021,0.447793027,0.510436266
1022,0.447947443,0.510745921
1023,0.448139505,0.511020501
1024,0.448331706,0.511295268
1025,0.448500645,0.511545833
1026,0.448665784,0.511792478
1027,0.448846643,0.512055549
1028,0.449013218,0.512378396
1029,0.449255671,0.512631135
1030,0.4494291,0.512886587
1031,0.449562266,0.513025403
1032,0.449630068,0.513170792
1033,0.449755507,0.513301557
1034,0.449943795,0.513497834
1035,0.450151876,0.513714737
1036,0.450336559,0.513907246
1037,0.450467485,0.514118503
1038,0.450610272,0.514342164
1039,0.45074919,0.514561831
1040,0.450868472,0.514761065
1041,0.450945518,0.514991245
1042,0.451068788,0.515194743
1043,0.451141851,0.515420954
1044,0.451179361,0.515610204
1045,0.451235575,0.515743938
1046,0.451346085,0.515859195
1047,0.451461558,0.516054773
1048,0.451573119,0.516246308
1049,0.451683789,0.51636174
1050,0.45174007,0.516495655
1051,0.451804256,0.51663785
1052,0.451837668,0.516823267
1053,0.451874974,0.517012855
1054,0.451935153,0.517151019
1055,0.45200244,0.517221227
1056,0.452053908,0.517274929
1057,0.452058674,0.517355311
1058,0.452071344,0.517443965
1059,0.452095877,0.517545027
1060,0.452140199,0.517666769
1061,0.452176589,0.517780263
1062,0.452146332,0.517899786
1063,0.45213118,0.517959558
1064,0.452112054,0.518015204
1065,0.452131855,0.518035876
1066,0.452194556,0.518025716
1067,0.452191269,0.518097901
1068,0.452215039,0.518122715
1069,0.452187965,0.518170094
1070,0.4521219,0.518252471
1071,0.452090831,0.518295741
1072,0.45206371,0.518343155
1073,0.452032617,0.518386443
1074,0.451950613,0.518452381
1075,0.451891798,0.518466773
1076,0.451774168,0.518495608
1077,0.451703496,0.518497664
1078,0.451621428,0.518563761
1079,0.451582357,0.51859889
1080,0.451531429,0.518621649
1081,0.451444968,0.518607287
1082,0.45133485,0.518568213
1083,0.451208998,0.518512701
1084,0.451126203,0.518426154
1085,0.451031974,0.518403701
1086,0.450945648,0.518389521
1087,0.450820281,0.518410645
1088,0.450710384,0.51837186
1089,0.450545741,0.518352
1090,0.450365447,0.518315822
1091,0.450224291,0.518244392
1092,0.450118523,0.518209988
1093,0.450020634,0.518183838
1094,0.449946126,0.518105881
1095,0.449805192,0.518034695
1096,0.449621262,0.51791852
1097,0.449332113,0.517844885
1098,0.449097815,0.517752373
1099,0.448969024,0.517693941
1100,0.448871507,0.51766826
1101,0.448746718,0.517614033
1102,0.448563529,0.517498655
1103,0.448380475,0.517383415
1104,0.448244244,0.517317213
1105,0.448131413,0.517275529
1106,0.447952503,0.517241168
1107,0.447711564,0.51714186
1108,0.447509715,0.517006938
1109,0.447393402,0.516885049
1110,0.447339237,0.516751711
1111,0.447215263,0.516621798
1112,0.447033298,0.516431111
1113,0.446882417,0.516272992
1114,0.446812726,0.516276498
1115,0.446793293,0.516332696
1116,0.446750773,0.516288129
1117,0.446511013,0.516189994
1118,0.446236742,0.516055706
1119,0.446008973,0.515970199
1120,0.445831632,0.51586091
1121,0.445604422,0.515699312
1122,0.445258126,0.515489507
1123,0.444923809,0.51529226
1124,0.444677993,0.515187884
1125,0.444467152,0.51504342
1126,0.444161287,0.514722402
1127,0.443622873,0.514234042
1128,0.4430515,0.513710982
1129,0.442610536,0.513324751
1130,0.442170415,0.512939338
1131,0.44154976,0.512364233
1132,0.44058788,0.511507241
1133,0.439551753,0.510495189
1134,0.438606044,0.509577873
1135,0.437749653,0.5087542
1136,0.436937167,0.507976474
1137,0.436124239,0.507121524
1138,0.435097061,0.506117555
1139,0.433709186,0.504733705
1140,0.431897991,0.502980026
1141,0.430144127,0.501285716
1142,0.428882335,0.50003271
1143,0.427794573,0.49896266
1144,0.42642893,0.497599305
1145,0.424470494,0.495762274
1146,0.422514796,0.493926776
1147,0.421121198,0.492607535
1148,0.420120922,0.491703059
1149,0.419234602,0.490918599
1150,0.418259985,0.489964623
1151,0.41717068,0.488889097
1152,0.415991605,0.48779404
1153,0.414882853,0.486697102
1154,0.413916261,0.485825894
1155,0.413220484,0.485240967
1156,0.412759733,0.48490467
1157,0.412460309,0.484587655
1158,0.412097765,0.484279486
1159,0.411766069,0.48392823
1160,0.411404633,0.483621129
1161,0.411040912,0.483235876
1162,0.410713619,0.482964835
1163,0.410581694,0.482825073
1164,0.41051576,0.482755222
1165,0.410422566,0.482807827
1166,0.4102635,0.482790696
1167,0.410134627,0.482729856
1168,0.410038705,0.482703946
1169,0.410005817,0.482669086
1170,0.40994281,0.482678075
1171,0.409685422,0.482556811
1172,0.409297126,0.482296735
1173,0.408942183,0.482071993
1174,0.408846672,0.482046557
1175,0.408882021,0.48215996
1176,0.408980194,0.482264109
1177,0.408947465,0.482229388
1178,0.408849306,0.482125253
1179,0.40875119,0.482021161
1180,0.408623053,0.481961129
1181,0.408497567,0.481979866
1182,0.408309367,0.482008122
1183,0.408148798,0.481913713
1184,0.407988331,0.481819412
1185,0.407888086,0.481636944
1186,0.40788301,0.481479557
1187,0.407907854,0.481278119
1188,0.407872673,0.481164902
1189,0.407774981,0.481061231
1190,0.407649991,0.481080347
1191,0.407462536,0.48110917
1192,0.407277603,0.481216858
1193,0.407060147,0.481290296
1194,0.406905154,0.481354161
1195,0.406747808,0.481339421
1196,0.406683018,0.481270562
1197,0.406680667,0.481191829
1198,0.406680667,0.481191829
1199,0.406780211,0.481373857
1200,0.406977056,0.481659335
1201,0.407141593,0.481910522
1202,0.407015654,0.482005763
1203,0.406855788,0.481912216
1204,0.406727634,0.481928831
1205,0.406759231,0.482038907
1206,0.406917447,0.482283671
1207,0.407076589,0.482452911
1208,0.407105184,0.482559875
1209,0.407068877,0.482597841
1210,0.407034691,0.482714711
1211,0.407187879,0.482877661
1212,0.407310806,0.483085093
1213,0.40740431,0.483261265
1214,0.407364858,0.483296029
1215,0.407291963,0.483372008
1216,0.407349896,0.483510461
1217,0.407504282,0.483828465
1218,0.40775431,0.484171465
1219,0.407972025,0.484480124
1220,0.407963815,0.484625389
1221,0.407859773,0.484745825
1222,0.407818873,0.484856526
1223,0.407870688,0.484988868
1224,0.407987611,0.485190578
1225,0.408104574,0.485392374
1226,0.408060442,0.485499923
1227,0.408077892,0.48551851
1228,0.408095344,0.485537099
1229,0.408147134,0.485669584
1230,0.40823021,0.48591281
1231,0.408347188,0.486114846
1232,0.408428555,0.486278982
1233,0.408509933,0.486443166
1234,0.408623967,0.486642184
1235,0.408738039,0.486841284
1236,0.40882108,0.48708497
1237,0.40883872,0.487259079
1238,0.408759812,0.487408123
1239,0.408679314,0.487477857
1240,0.408695256,0.487572675
1241,0.408678379,0.487788296
1242,0.408728308,0.487997436
1243,0.408906114,0.488187101
1244,0.409015622,0.488303909
1245,0.409129599,0.488503495
1246,0.40917513,0.488630107
1247,0.40922502,0.488839508
1248,0.409239086,0.489010806
1249,0.409319045,0.489096125
1250,0.409397272,0.489257792
1251,0.409542814,0.489413096
1252,0.409652618,0.48953026
1253,0.409702432,0.489739937
1254,0.409715138,0.489831801
1255,0.409633709,0.489901573
1256,0.40958081,0.489923484
1257,0.409499339,0.489993334
1258,0.409482221,0.490053509
1259,0.409526448,0.490100731
1260,0.40960761,0.490265878
1261,0.409753265,0.490421405
1262,0.409834488,0.490586662
1263,0.409785555,0.490691549
1264,0.40973657,0.490796475
1265,0.409654754,0.490866422
1266,0.409605672,0.490971429
1267,0.409620186,0.490986936
1268,0.4096347,0.491002445
1269,0.409684071,0.490976455
1270,0.409633035,0.490921928
1271,0.409455945,0.490890196
1272,0.40924622,0.490823633
1273,0.408971277,0.490687388
1274,0.408696618,0.490551453
1275,0.408454837,0.490450689
1276,0.408278397,0.490419839
1277,0.408198145,0.490333997
1278,0.408120945,0.490251418
1279,0.407946963,0.490144249
1280,0.407708116,0.489967672
1281,0.407404611,0.489721883
1282,0.407038158,0.48956667
1283,0.406639175,0.489297614
1284,0.406276128,0.489066989
1285,0.405974461,0.488822984
1286,0.405740575,0.488651546
1287,0.405539093,0.4885148
1288,0.405308621,0.488346979
1289,0.405106309,0.488051123
1290,0.404843599,0.487769637
1291,0.404517128,0.487419809
1292,0.404159764,0.487115855
1293,0.403773999,0.486781396
1294,0.403354063,0.486410232
1295,0.402874823,0.486054412
1296,0.402301928,0.48567709
1297,0.401732845,0.485224659
1298,0.401225343,0.484838176
1299,0.400753359,0.484489713
1300,0.400373526,0.484081886
1301,0.399859608,0.483688182
1302,0.39938197,0.483254227
1303,0.39875252,0.482736133
1304,0.397994917,0.482159199
1305,0.397259301,0.481447408
1306,0.396505022,0.480636267
1307,0.395765373,0.479840708
1308,0.395036058,0.47905612
1309,0.394397705,0.478290423
1310,0.393797333,0.477565614
1311,0.393143312,0.476783098
1312,0.392386508,0.475968578
1313,0.391413204,0.475077949
1314,0.390438787,0.474107098
1315,0.389476735,0.473227684
1316,0.388559707,0.472396345
1317,0.387721388,0.471570987
1318,0.386792006,0.470647096
1319,0.385789127,0.469643531
1320,0.384532352,0.46844377
1321,0.383331035,0.467224897
1322,0.38216729,0.466046026
1323,0.381223863,0.46502661
1324,0.380329191,0.464059632
1325,0.379459655,0.463041667
1326,0.378329139,0.461819248
1327,0.37680867,0.460330014
1328,0.375227267,0.458696048
1329,0.373763929,0.457266528
1330,0.372678101,0.456090102
1331,0.371772553,0.455031328
1332,0.370798319,0.453975304
1333,0.369530686,0.452678002
1334,0.367812324,0.451122295
1335,0.366019366,0.449329653
1336,0.364338639,0.447657451
1337,0.362951559,0.446226325
1338,0.361805579,0.445056665
1339,0.360891934,0.443985795
1340,0.360034644,0.442899577
1341,0.359048453,0.441826154
1342,0.357915863,0.440592978
1343,0.356603996,0.439316665
1344,0.35497298,0.437767686
1345,0.353016977,0.436014878
1346,0.350997104,0.434266046
1347,0.349268845,0.432681209
1348,0.347925841,0.431440097
1349,0.347026159,0.430455165
1350,0.345808127,0.429273144
1351,0.344754529,0.428194559
1352,0.343379324,0.42691439
1353,0.342231081,0.425806275
1354,0.340972285,0.424575942
1355,0.340102594,0.423469499
1356,0.338820529,0.421910206
1357,0.337972604,0.420602107
1358,0.33669987,0.419053619
1359,0.335759301,0.417720364
1360,0.334670989,0.41644962
1361,0.333525032,0.415264501
1362,0.332239458,0.414223473
1363,0.330472371,0.412874714
1364,0.329071251,0.411778018
1365,0.327677625,0.410538677
1366,0.325841127,0.408733759
1367,0.32458881,0.40712596
1368,0.322651216,0.404834746
1369,0.320823812,0.402590821
1370,0.318966279,0.400313393
1371,0.316451354,0.397527526
1372,0.313730911,0.394510805
1373,0.311510687,0.391827714
1374,0.308055131,0.388060895
1375,0.304181993,0.383966931
1376,0.300925211,0.380120445
1377,0.296763713,0.375331649
1378,0.292374947,0.370139957
1379,0.287268015,0.364347319
1380,0.283369287,0.359273387
1381,0.277521546,0.352973062
1382,0.271673166,0.34671577
1383,0.265273007,0.340144851
1384,0.260279307,0.334397391
1385,0.253194136,0.327177315
1386,0.246428376,0.32007279
1387,0.239622617,0.312676463
1388,0.232078911,0.304632489
1389,0.226761229,0.297974338
1390,0.219291996,0.289785403
1391,0.212519075,0.281977224
1392,0.205740495,0.274110079
1393,0.199447155,0.266526456
1394,0.192369333,0.258490057
1395,0.187600979,0.2518278
1396,0.181795833,0.244709278
1397,0.175290097,0.23737049
1398,0.169684239,0.230671096
1399,0.164409857,0.224329263
1400,0.15938873,0.21825276
1401,0.15467357,0.212458459
1402,0.149708161,0.206618785
1403,0.145579078,0.20131731
1404,0.141908339,0.196364192
1405,0.139156484,0.192117793
1406,0.135739965,0.187662664
1407,0.132625885,0.183526404
1408,0.129666495,0.179620843
1409,0.126624501,0.175927582
1410,0.123958718,0.172559204
1411,0.121713628,0.169490636
1412,0.119522126,0.166528296
1413,0.117583468,0.163847127
1414,0.115664429,0.161323778
1415,0.113909275,0.159011867
1416,0.112270699,0.156895906
1417,0.110787207,0.154983681
1418,0.109308388,0.153161396
1419,0.108016588,0.151450968
1420,0.106880268,0.149997563
1421,0.105740787,0.148625464
1422,0.104645095,0.14735415
1423,0.103604633,0.146154308
1424,0.102651422,0.145072406
1425,0.101467744,0.143928766
1426,0.100622517,0.143080295
1427,0.099867027,0.142310869
1428,0.099189203,0.141649948
1429,0.098560313,0.141011275
1430,0.097841069,0.140374684
1431,0.097304159,0.139818749
1432,0.09666046,0.139286183
1433,0.096253769,0.138962368
1434,0.095582211,0.138565789
1435,0.095113826,0.138284215
1436,0.094704565,0.137997424
1437,0.094246042,0.137727466
1438,0.093849791,0.137548844
1439,0.093592207,0.137393223
1440,0.093297597,0.137227508
1441,0.093021672,0.137135034
1442,0.092810609,0.137139564
1443,0.092625536,0.137229133
1444,0.092418335,0.137377797
1445,0.09229532,0.137561658
1446,0.092140106,0.137697324
1447,0.092036919,0.13781935
1448,0.091990063,0.137934106
1449,0.091973252,0.138094619
1450,0.091969592,0.138228741
1451,0.092058224,0.138363258
1452,0.092083619,0.138541689
1453,0.092145419,0.138869047
1454,0.092189662,0.13926398
1455,0.092316051,0.139690795
1456,0.092447324,0.140125646
1457,0.092580311,0.14056372
1458,0.092832858,0.141089618
1459,0.093029002,0.141624796
1460,0.093222321,0.14215633
1461,0.093721022,0.14281865
1462,0.094099596,0.143440501
1463,0.094532269,0.144191552
1464,0.095216365,0.145225954
1465,0.09582187,0.146235879
1466,0.09638046,0.147270693
1467,0.097326835,0.148547591
1468,0.09802924,0.149697614
1469,0.098773263,0.15090809
1470,0.099803978,0.152396295
1471,0.10058078,0.153748907
1472,0.101355053,0.155146254
1473,0.10256579,0.156789479
1474,0.103378658,0.158189326
1475,0.104751145,0.160007646
1476,0.105747874,0.161519111
1477,0.106818445,0.163032964
1478,0.108047819,0.164670474
1479,0.109093731,0.166239584
1480,0.110490714,0.168105886
1481,0.11147546,0.169783925
1482,0.112671094,0.171659688
1483,0.113679507,0.173420681
1484,0.114999483,0.175310401
1485,0.116091823,0.176975375
1486,0.117153263,0.178593149
1487,0.118669735,0.180532083
1488,0.119845871,0.182195511
1489,0.121516849,0.184118905
1490,0.122668035,0.185788509
1491,0.124297119,0.18784983
1492,0.125522354,0.189721617
1493,0.127040134,0.191886634
1494,0.12823565,0.193820718
1495,0.129964683,0.196044803
1496,0.13130164,0.197999034
1497,0.132968557,0.200176983
1498,0.13448176,0.202249074
1499,0.135845247,0.204110852
1500,0.137596146,0.206151628
1501,0.13881617,0.207863671
1502,0.140495826,0.20984798
1503,0.141964284,0.211827379
1504,0.143606557,0.213918627
1505,0.145367385,0.215985794
1506,0.146635368,0.217737423
1507,0.148313801,0.219737812
1508,0.1494622,0.221440188
1509,0.151246856,0.223568211
1510,0.152940818,0.225567509
1511,0.154483701,0.227479573
1512,0.156212665,0.229569599
1513,0.157376358,0.23133466
1514,0.159146755,0.233467353
1515,0.160961895,0.23558959
1516,0.162238422,0.237248579
1517,0.164071805,0.239196924
1518,0.165767915,0.241020047
1519,0.167092045,0.242726059
1520,0.168709939,0.24462082
1521,0.170455586,0.246611102
1522,0.171642207,0.248315662
1523,0.173427884,0.250346058
1524,0.175227049,0.25244898
1525,0.176476821,0.254162699
1526,0.178134831,0.256139408
1527,0.179714786,0.258075549
1528,0.180929983,0.259738003
1529,0.182460172,0.261540494
1530,0.183931023,0.263263935
1531,0.185750214,0.26516323
1532,0.186939777,0.266718169
1533,0.188667592,0.26862101
1534,0.190232566,0.270379678
1535,0.19192366,0.272160575
1536,0.193024842,0.273463838
1537,0.194629063,0.275258182
1538,0.196098779,0.277077936
1539,0.197846107,0.279040502
1540,0.199155626,0.280721906
1541,0.200353786,0.282330584
1542,0.201938111,0.284147738
1543,0.203405349,0.285950356
1544,0.205029328,0.287808864
1545,0.206178028,0.289349681
1546,0.207464433,0.29092371
1547,0.209061645,0.292605766
1548,0.2104246,0.294132968
1549,0.211883648,0.295841927
1550,0.21313054,0.29735816
1551,0.214270426,0.298742761
1552,0.215427284,0.300078321
1553,0.216866746,0.30161769
1554,0.218033024,0.30302891
1555,0.219367538,0.304504626
1556,0.220589799,0.305911181
1557,0.221782816,0.307280622
1558,0.222605365,0.308478593
1559,0.22364019,0.30972448
1560,0.224759008,0.311139707
1561,0.225952858,0.312504932
1562,0.227033166,0.313732197
1563,0.228236585,0.315035754
1564,0.229194635,0.316253459
1565,0.230506121,0.317753175
1566,0.231358116,0.318912626
1567,0.232492893,0.320198428
1568,0.233365828,0.321382004
1569,0.234396891,0.322612567
1570,0.235421849,0.323834868
1571,0.236432327,0.32511002
1572,0.237459053,0.326332656
1573,0.238498964,0.327570022
1574,0.23958605,0.328790988
1575,0.240355386,0.329919807
1576,0.241530654,0.331243636
1577,0.242442778,0.33239777
1578,0.243294718,0.333408023
1579,0.244413258,0.334516944
1580,0.245183374,0.335356356
1581,0.246210153,0.336353983
1582,0.247350338,0.337484048
1583,0.2483329,0.338716214
1584,0.249083299,0.339819345
1585,0.24996361,0.340930395
1586,0.250862441,0.341989951
1587,0.251693817,0.343042461
1588,0.252335732,0.34387158
1589,0.253289248,0.344847435
1590,0.254093568,0.345720109
1591,0.25510378,0.346687172
1592,0.256026872,0.347624099
1593,0.256978735,0.348667254
1594,0.257953299,0.349809743
1595,0.2587142,0.35077502
1596,0.25925441,0.351629456
1597,0.259908478,0.352395501
1598,0.260559244,0.353083261
1599,0.261263563,0.353907362
1600,0.262133413,0.354850361
1601,0.26283682,0.355672477
1602,0.263353067,0.356350038
1603,0.264150158,0.357131979
1604,0.264748259,0.357830075
1605,0.265591488,0.358813835
1606,0.266129339,0.359515801
1607,0.266589189,0.360126784
1608,0.266898424,0.36056218
1609,0.267570802,0.361345865
1610,0.26792836,0.361912626
1611,0.268417934,0.362633421
1612,0.268914594,0.363362659
1613,0.269583243,0.364216974
1614,0.26997348,0.364822503
1615,0.270422951,0.365421566
1616,0.270846619,0.365914874
1617,0.271355265,0.366431218
1618,0.271664108,0.36686638
1619,0.27235614,0.367519789
1620,0.272642513,0.367928665
1621,0.273227211,0.368684436
1622,0.273682224,0.369289409
1623,0.274214367,0.369984017
1624,0.274815345,0.370758569
1625,0.275277332,0.371371599
1626,0.275635736,0.371864316
1627,0.276229589,0.372477478
1628,0.27637296,0.372720437
1629,0.276913558,0.373271408
1630,0.277183055,0.373584144
1631,0.277537811,0.374149084
1632,0.277516748,0.374508491
1633,0.278051233,0.37520585
1634,0.278232136,0.375569804
1635,0.278633309,0.376112546
1636,0.278719922,0.376444537
1637,0.279205502,0.376930995
1638,0.279296122,0.377190702
1639,0.279649113,0.377677762
1640,0.279705973,0.377976023
1641,0.280172574,0.378440166
1642,0.280364673,0.37874063
1643,0.28089576,0.379279296
1644,0.281229513,0.379666442
1645,0.281751988,0.380117034
1646,0.281989479,0.380237076
1647,0.282657556,0.380778239
1648,0.282730742,0.380862991
1649,0.283254418,0.381391681
1650,0.283407302,0.38172401
1651,0.2837228,0.382089231
1652,0.283667157,0.38218037
1653,0.284156172,0.382668615
1654,0.283981567,0.382778014
1655,0.284187006,0.383093857
1656,0.284005028,0.383195223
1657,0.284368636,0.383616432
1658,0.284207802,0.383742803
1659,0.28423827,0.383934637
1660,0.284154144,0.384072104
1661,0.284336203,0.384361607
1662,0.284055645,0.384193105
1663,0.284253271,0.384579343
1664,0.284029982,0.384555954
1665,0.284336429,0.384911585
1666,0.284165713,0.384949461
1667,0.284464622,0.3852177
1668,0.28438504,0.385204058
1669,0.284571794,0.38549959
1670,0.284608982,0.385542756
1671,0.285022131,0.385707119
1672,0.284708303,0.385815705
1673,0.284820201,0.386182375
1674,0.284625744,0.386272594
1675,0.284592424,0.386550387
1676,0.284259276,0.386559241
1677,0.28430351,0.386610691
1678,0.284193191,0.386561679
1679,0.28431475,0.38678244
1680,0.284001778,0.386735871
1681,0.284079373,0.386826195
1682,0.283746437,0.386677016
1683,0.283737139,0.386745716
1684,0.283647984,0.386721418
1685,0.283655158,0.386650226
1686,0.283440345,0.386479518
1687,0.283531337,0.386585527
1688,0.283111383,0.386334846
1689,0.283295346,0.386549276
1690,0.28299709,0.386440482
1691,0.283007038,0.386452082
1692,0.282836635,0.386333026
1693,0.28295281,0.386388844
1694,0.282688833,0.386160629
1695,0.282530726,0.385976195
1696,0.282186891,0.385654664
1697,0.282178218,0.385564929
1698,0.281917356,0.385340112
1699,0.281563565,0.385086323
1700,0.281155981,0.384928868
1701,0.280828984,0.384706126
1702,0.280297814,0.384324228
1703,0.280189465,0.384277233
1704,0.279719865,0.383887262
1705,0.279520931,0.383734163
1706,0.278919933,0.383269668
1707,0.278783904,0.383030566
1708,0.278267176,0.382584554
1709,0.27811612,0.382248153
1710,0.277552028,0.381586989
1711,0.277124455,0.38124478
1712,0.276778174,0.380997735
1713,0.276555986,0.380737013
1714,0.276106202,0.380368199
1715,0.275816172,0.3801072
1716,0.275397425,0.379854028
1717,0.275164954,0.37950127
1718,0.274515402,0.378817276
1719,0.274235163,0.378487757
1720,0.273487487,0.37784654
1721,0.273183381,0.377568037
1722,0.272643948,0.377171149
1723,0.272162207,0.376682981
1724,0.271717888,0.376159274
1725,0.27128964,0.375575067
1726,0.270704098,0.374805376
1727,0.27064152,0.374415134
1728,0.270011347,0.373672108
1729,0.269556862,0.373057158
1730,0.269045734,0.372454172
1731,0.268721198,0.372149989
1732,0.268118765,0.371596301
1733,0.2677256,0.371053202
1734,0.266932363,0.370194618
1735,0.266451658,0.369547839
1736,0.266180641,0.369070513
1737,0.2653701,0.368190466
1738,0.264627944,0.367390667
1739,0.264271151,0.366968334
1740,0.263397276,0.366168011
1741,0.26269639,0.365415461
1742,0.26207775,0.364681851
1743,0.261697363,0.363918816
1744,0.260801626,0.362856287
1745,0.260078784,0.361920725
1746,0.259389828,0.361025206
1747,0.258645123,0.359908587
1748,0.257811594,0.358764025
1749,0.25711978,0.35778788
1750,0.256374588,0.356825247
1751,0.255514954,0.355803017
1752,0.254477704,0.354645387
1753,0.253697586,0.353563403
1754,0.253230958,0.352549707
1755,0.252372975,0.35122381
1756,0.251291167,0.349935299
1757,0.250308733,0.348840014
1758,0.249508412,0.347960998
1759,0.248658236,0.34709729
1760,0.247558613,0.346009917
1761,0.246642613,0.3449897
1762,0.246129517,0.344149621
1763,0.245435141,0.343017966
1764,0.244698968,0.341762273
1765,0.24400477,0.340558078
1766,0.243465349,0.339540332
1767,0.242920858,0.338740267
1768,0.242066156,0.338088055
1769,0.241266098,0.337723209
1770,0.240451752,0.337489666
1771,0.239844573,0.337505568
1772,0.239499898,0.337464322
1773,0.238637921,0.336948906
1774,0.238263278,0.336496667
1775,0.237795349,0.33570737
1776,0.237458943,0.334853722
1777,0.2374737,0.334053902
1778,0.237312357,0.333119408
1779,0.236999127,0.332226258
1780,0.236791571,0.331682392
1781,0.236398201,0.331429542
1782,0.235860371,0.331444038
1783,0.235316967,0.331674167
1784,0.234821769,0.331964601
1785,0.234196841,0.332099991
1786,0.233838877,0.332113085
1787,0.233403792,0.331734166
1788,0.233311052,0.331174576
1789,0.233255301,0.330512651
1790,0.233102992,0.329809687
1791,0.233267327,0.329344216
1792,0.233327088,0.329121885
1793,0.23314507,0.328901752
1794,0.232973952,0.328915555
1795,0.232930127,0.32900984
1796,0.232843514,0.329126151
1797,0.232796696,0.329290849
1798,0.232983101,0.329516649
1799,0.233065945,0.329543123
1800,0.233174155,0.329526486
1801,0.233378224,0.329625894
1802,0.233558462,0.329770197
1803,0.233806636,0.329775378
1804,0.233943128,0.329645736
1805,0.234206686,0.329596292
1806,0.234237962,0.329487098
1807,0.234340937,0.329464512
1808,0.234158698,0.329464876
1809,0.233983545,0.329547404
1810,0.233924725,0.329697116
1811,0.233542691,0.329529916
1812,0.233417683,0.329526128
1813,0.233429038,0.329392459
1814,0.233400903,0.329137548
1815,0.233576452,0.328908646
1816,0.233423497,0.328430421
1817,0.233454335,0.327955209
1818,0.233340822,0.327526098
1819,0.233288106,0.327243728
1820,0.233199864,0.327137327
1821,0.233122059,0.327189288
1822,0.23291,0.32729828
1823,0.232861274,0.327458656
1824,0.232610088,0.327374636
1825,0.232585592,0.327418205
1826,0.232408812,0.32735093
1827,0.232091901,0.327114155
1828,0.23166205,0.326813768
1829,0.231421878,0.326449846
1830,0.230953885,0.325956381
1831,0.230638382,0.325647346
1832,0.229587619,0.324812106
1833,0.229128313,0.324327738
1834,0.228535888,0.323608312
1835,0.22774889,0.322652047
1836,0.227144648,0.32169911
1837,0.226427247,0.320608996
1838,0.225500816,0.319482052
1839,0.224600499,0.318313766
1840,0.223419661,0.31701929
1841,0.222227271,0.315996841
1842,0.220921907,0.314905574
1843,0.219471822,0.313705668
1844,0.218043446,0.312384216
1845,0.216483921,0.310753384
1846,0.215006683,0.308932795
1847,0.213787268,0.307285081
1848,0.211831457,0.305010996
1849,0.210039082,0.302791932
1850,0.207924442,0.300310155
1851,0.206260206,0.297960101
1852,0.203082634,0.294421744
1853,0.200943843,0.291470546
1854,0.198563223,0.288144614
1855,0.196310272,0.284565633
1856,0.193815744,0.280620127
1857,0.190928852,0.276453589
1858,0.187682733,0.272029935
1859,0.184735588,0.267844183
1860,0.181021145,0.263263588
1861,0.177854032,0.258907138
1862,0.172040609,0.252672083
1863,0.167957089,0.247206909
1864,0.163577443,0.241330667
1865,0.15960749,0.235530902
1866,0.154773344,0.229061523
1867,0.15053438,0.222566032
1868,0.145477153,0.215492135
1869,0.141256904,0.208925612
1870,0.133587365,0.200293584
1871,0.128403686,0.192893887
1872,0.123278939,0.185508438
1873,0.117719744,0.177700785
1874,0.11266373,0.170094591
1875,0.106908311,0.161949811
1876,0.102117316,0.154346175
1877,0.093886694,0.144653244
1878,0.088488679,0.136628127
1879,0.083653344,0.128847557
1880,0.07888923,0.121078904
1881,0.073681233,0.112975868
1882,0.069611821,0.105660864
1883,0.062691519,0.096387477
1884,0.058550237,0.08906619
1885,0.054973258,0.082323625
1886,0.051664972,0.075896357
1887,0.048392228,0.06952348
1888,0.044188983,0.062569922
1889,0.041580782,0.057017133
1890,0.039520032,0.052076975
1891,0.037715952,0.047504341
1892,0.036009124,0.043168472
1893,0.033718374,0.038557932
1894,0.032532304,0.035013696
1895,0.031722316,0.031971408
1896,0.031059223,0.02923351
1897,0.03068446,0.026884478
1898,0.029460364,0.024061974
1899,0.029240218,0.022269926
1900,0.028973406,0.020668314
1901,0.028641017,0.019193313
1902,0.028000217,0.017648445
1903,0.027741405,0.016560779
1904,0.027576056,0.015652795
1905,0.027427634,0.014880699
1906,0.027024713,0.013957898
1907,0.026891967,0.013350968
1908,0.026757682,0.012774927
1909,0.026700562,0.012306117
1910,0.026477831,0.01174072
1911,0.026395961,0.011352029
1912,0.026347609,0.01099915
1913,0.026331888,0.010680107
1914,0.026222098,0.010310027
1915,0.026252885,0.010083401
1916,0.026223192,0.00984953
1917,0.026166934,0.009653017
1918,0.026022485,0.009429192
1919,0.02592323,0.00929996
1920,0.025795878,0.00920172
1921,0.025664265,0.009082234
1922,0.02554325,0.009009904
1923,0.025427392,0.008960308
1924,0.025318339,0.008886932
1925,0.02521278,0.008883682
1926,0.025102516,0.008857575
1927,0.02501309,0.008874331
1928,0.024923754,0.008891085
1929,0.024828181,0.008932834
1930,0.024743966,0.008973058
1931,0.024669463,0.009059035
1932,0.024590266,0.00912238
1933,0.024516079,0.009209126
1934,0.024452178,0.009344114
1935,0.024383856,0.009457703
1936,0.024321163,0.009597289
1937,0.024280512,0.00978536
1938,0.024218999,0.009929154
1939,0.024163696,0.010101157
1940,0.024131541,0.010325858
1941,0.024094955,0.010528969
1942,0.024048522,0.010738833
1943,0.024032731,0.011033914
1944,0.024006564,0.011280335
1945,0.02398194,0.01153222
1946,0.023972587,0.011850147
1947,0.02395897,0.012147078
1948,0.023943631,0.012384101
1949,0.023956511,0.012791948
1950,0.023941887,0.013078687
1951,0.02398086,0.01354152
1952,0.023971538,0.013846346
1953,0.023983862,0.014190969
1954,0.024026213,0.014657127
1955,0.024054403,0.015061201
1956,0.024066645,0.015397747
1957,0.024132191,0.015946218
1958,0.02416151,0.016345561
1959,0.02422721,0.016885298
1960,0.024286491,0.017348826
1961,0.024315572,0.017738329
1962,0.024432702,0.018416295
1963,0.024470155,0.018831369
1964,0.024588757,0.019502812
1965,0.02465973,0.019991088
1966,0.024735229,0.020492649
1967,0.024863303,0.021181798
1968,0.024960246,0.021752332
1969,0.025111859,0.022469255
1970,0.025193401,0.022975819
1971,0.025401923,0.02387885
1972,0.025487794,0.024391769
1973,0.025579263,0.024878198
1974,0.025802157,0.025807827
1975,0.025933516,0.026420255
1976,0.026129677,0.027243699
1977,0.026264157,0.027856651
1978,0.026509439,0.028826591
1979,0.026656197,0.029469026
1980,0.026907994,0.030401173
1981,0.027080904,0.031074701
1982,0.027230585,0.031712239
1983,0.027542114,0.032808032
1984,0.027723377,0.033491522
1985,0.028023745,0.034533731
1986,0.028224064,0.035263898
1987,0.028533539,0.036274932
1988,0.028730856,0.036984876
1989,0.029067842,0.038060387
1990,0.029310554,0.038891932
1991,0.029639541,0.039926087
1992,0.029888998,0.040723645
1993,0.030239254,0.041801799
1994,0.030507397,0.042639666
1995,0.03089336,0.043759634
1996,0.031150232,0.044553278
1997,0.031559073,0.045718145
1998,0.031811904,0.046489108
1999,0.032261375,0.047745559
2000,0.032556738,0.04857837
2001,0.032844888,0.049386835
2002,0.033284134,0.050588679
2003,0.033778226,0.051881923
2004,0.034068364,0.05267613
2005,0.034552499,0.053964525
2006,0.034884529,0.054854357
2007,0.03534889,0.05607378
2008,0.035675484,0.056937732
2009,0.03616101,0.058193445
2010,0.036472016,0.059007363
2011,0.036976457,0.060293402
2012,0.037319642,0.061175794
2013,0.037863976,0.062500209
2014,0.038211108,0.063380596
2015,0.038749301,0.06471408
2016,0.039120744,0.0656415
2017,0.039655649,0.066950492
2018,0.039991477,0.067741083
2019,0.040524824,0.069031364
2020,0.040916923,0.069985575
2021,0.041476738,0.071321911
2022,0.042027197,0.072627802
2023,0.042374682,0.073463575
2024,0.042967196,0.074851016
2025,0.043352672,0.075763711
2026,0.043941833,0.077128601
2027,0.044300907,0.077973137
2028,0.04488614,0.079315632
2029,0.045485975,0.080682146
2030,0.045893966,0.081620928
2031,0.046426947,0.082828345
2032,0.046862195,0.0838179
2033,0.047466261,0.085167532
2034,0.047861346,0.086061566
2035,0.048490496,0.087452471
2036,0.049122995,0.088842708
2037,0.049502334,0.089690865
2038,0.050172901,0.091149101
2039,0.050566485,0.092019937
2040,0.05119692,0.093381851
2041,0.051853067,0.094790142
2042,0.052244904,0.0956462
2043,0.052912884,0.097067398
2044,0.053307768,0.097923118
2045,0.053954893,0.099290614
2046,0.054616127,0.100680252
2047,0.055049514,0.101603672
2048,0.055720639,0.103002513
2049,0.056141087,0.103893244
2050,0.056818197,0.105293678
2051,0.057464841,0.10662736
2052,0.057935838,0.107608283
2053,0.058561001,0.10893836
2054,0.059263083,0.110366275
2055,0.059680435,0.111231863
2056,0.060421872,0.112726635
2057,0.06087313,0.113652309
2058,0.061592996,0.115094883
2059,0.062306651,0.116519494
2060,0.062773589,0.117465656
2061,0.063531559,0.118965471
2062,0.064229238,0.120344427
2063,0.064750957,0.121435353
2064,0.065450741,0.122809639
2065,0.066233076,0.124334126
2066,0.066685038,0.125233604
2067,0.067423438,0.126666526
2068,0.06817721,0.128122779
2069,0.068679327,0.129107161
2070,0.069370491,0.130438924
2071,0.070182636,0.131989126
2072,0.070616675,0.132839619
2073,0.071327741,0.134248751
2074,0.072103435,0.135718906
2075,0.072592149,0.136662228
2076,0.073274435,0.137954893
2077,0.074086425,0.139478191
2078,0.074552752,0.140427508
2079,0.075264669,0.1417631
2080,0.075980136,0.143101161
2081,0.076470802,0.14403373
2082,0.077267293,0.14550976
2083,0.077978884,0.146885533
2084,0.078438334,0.147756047
2085,0.079151876,0.149074517
2086,0.079956796,0.150550442
2087,0.080666205,0.151854177
2088,0.081169733,0.152850159
2089,0.081922394,0.154224107
2090,0.082656424,0.155561887
2091,0.08319221,0.15655159
2092,0.08382351,0.157705326
2093,0.084665886,0.159279372
2094,0.08534547,0.160510979
2095,0.085874406,0.161480528
2096,0.086563088,0.16272298
2097,0.087333074,0.164101966
2098,0.087887046,0.165108431
2099,0.088606619,0.166395692
2100,0.089335178,0.167695359
2101,0.090136785,0.169116019
2102,0.090589103,0.169942073
2103,0.091370366,0.171382938
2104,0.092070949,0.172624982
2105,0.09278618,0.173889139
2106,0.093252444,0.17473294
2107,0.093939299,0.175945397
2108,0.094617481,0.177202104
2109,0.095316273,0.178430149
2110,0.095772134,0.179251381
2111,0.096450158,0.180441153
2112,0.097094444,0.181572827
2113,0.097780455,0.182833877
2114,0.098143529,0.183496983
2115,0.09876656,0.184588988
2116,0.099371152,0.185648922
2117,0.100087914,0.186891809
2118,0.10049015,0.187679177
2119,0.101143152,0.188814373
2120,0.101842721,0.190024008
2121,0.102597716,0.191322117
2122,0.103189187,0.192351275
2123,0.103648243,0.193227741
2124,0.104294399,0.194343652
2125,0.104938756,0.195455008
2126,0.105516054,0.196456096
2127,0.105923438,0.197180945
2128,0.10648314,0.19821683
2129,0.107108521,0.199292533
2130,0.107699733,0.200311729
2131,0.108255871,0.201273229
2132,0.108666932,0.20200045
2133,0.109216593,0.203016003
2134,0.109722918,0.203894966
2135,0.110277961,0.204851134
2136,0.110808547,0.205767156
2137,0.111146939,0.206375142
2138,0.11161076,0.20725029
2139,0.112087442,0.208078336
2140,0.112524886,0.208843176
2141,0.113067366,0.209774659
2142,0.113514906,0.210554299
2143,0.113808519,0.211156805
2144,0.114256082,0.211935763
2145,0.114763114,0.212808473
2146,0.115229713,0.213616383
2147,0.115734156,0.214483568
2148,0.115992494,0.215029707
2149,0.116359563,0.215678962
2150,0.116840491,0.216507702
2151,0.11727485,0.217262352
2152,0.11769775,0.21799846
2153,0.118117545,0.218798805
2154,0.118444487,0.219383177
2155,0.118741089,0.21991962
2156,0.119195482,0.220703921
2157,0.119568375,0.221359736
2158,0.11994243,0.222087361
2159,0.120291316,0.222705064
2160,0.120688553,0.223398296
2161,0.120875636,0.22376204
2162,0.121233428,0.224393084
2163,0.121568117,0.225058674
2164,0.121881464,0.225619866
2165,0.122133685,0.226085351
2166,0.12244433,0.226642052
2167,0.122761079,0.227208125
2168,0.122962607,0.227665755
2169,0.123165007,0.228053288
2170,0.123431198,0.228540334
2171,0.123698258,0.229028655
2172,0.123945958,0.229558708
2173,0.124219728,0.230057446
2174,0.124484124,0.230613736
2175,0.124695414,0.231015123
2176,0.124976759,0.23152555
2177,0.12520451,0.231952494
2178,0.125422554,0.23243699
2179,0.125816193,0.233121915
2180,0.126106489,0.233645981
2181,0.126337373,0.234077666
2182,0.126679796,0.234682484
2183,0.126917432,0.235124528
2184,0.127155743,0.235567585
2185,0.127506691,0.236185236
2186,0.127741454,0.236622663
2187,0.127976871,0.237061074
2188,0.128161745,0.237495015
2189,0.1283931,0.237927207
2190,0.128522188,0.238201059
2191,0.128765089,0.23865113
2192,0.128900042,0.238934138
2193,0.128916007,0.239107307
2194,0.12886968,0.239109863
2195,0.128931952,0.239280606
2196,0.129004862,0.239467877
2197,0.129088436,0.239671722
2198,0.129088492,0.239820794
2199,0.129088509,0.239895367
2200,0.12916156,0.240083142
2201,0.129234677,0.240271077
2202,0.129250624,0.240370483
2203,0.129250628,0.240519992
2204,0.129204025,0.240522536
2205,0.129271865,0.24070257
2206,0.12922523,0.240705119
2207,0.129225159,0.240854853
2208,0.129355643,0.241132311
2209,0.129402258,0.24135479
2210,0.129527695,0.241624603
2211,0.129601142,0.241813794
2212,0.129606436,0.241897273
2213,0.129548818,0.241958443
2214,0.129543408,0.242025395
2215,0.129496522,0.242027946
2216,0.12937623,0.241916413
2217,0.129214717,0.241740694
2218,0.129125248,0.241752335
2219,0.129062537,0.241730179
2220,0.129062368,0.241805385
2221,0.128994357,0.24177498
2222,0.129030128,0.241906218
2223,0.128821091,0.241731612
2224,0.128690843,0.24160409
2225,0.128607132,0.241549078
2226,0.128399133,0.241300014
2227,0.12819156,0.24105138
2228,0.128019663,0.240933807
2229,0.1277971,0.240661256
2230,0.127564567,0.240372825
2231,0.127450309,0.240269387
2232,0.127264309,0.240053437
2233,0.126950499,0.239712255
2234,0.126821306,0.239584951
2235,0.126615712,0.239337542
2236,0.126354883,0.239003062
2237,0.125983852,0.238494804
2238,0.125658587,0.238133232
2239,0.125329929,0.237690422
2240,0.12494251,0.237154284
2241,0.124556696,0.236619925
2242,0.124216727,0.236157352
2243,0.123748808,0.235566432
2244,0.123347886,0.235005691
2245,0.122948707,0.234446896
2246,0.122488019,0.233789473
2247,0.122087649,0.233227028
2248,0.121668315,0.232708053
2249,0.121261725,0.232133892
2250,0.120819202,0.231501436
2251,0.120378856,0.230871453
2252,0.119987672,0.230319242
2253,0.11932629,0.229332605
2254,0.118934962,0.228778008
2255,0.118429309,0.228038589
2256,0.117950061,0.227340407
2257,0.117560116,0.226785149
2258,0.117124834,0.226229338
2259,0.116688614,0.225597336
2260,0.116218795,0.224909847
2261,0.115643815,0.224050457
2262,0.115193333,0.223391759
2263,0.114727125,0.222706335
2264,0.114087889,0.221737537
2265,0.11358861,0.220995268
2266,0.11310116,0.220270971
2267,0.112612134,0.21954276
2268,0.112063558,0.218787817
2269,0.111576195,0.218059365
2270,0.111096027,0.217341404
2271,0.110682198,0.216731518
2272,0.110191097,0.215992997
2273,0.109720878,0.215359442
2274,0.108958633,0.214168529
2275,0.108486211,0.213456005
2276,0.107950968,0.212637619
2277,0.107520712,0.211992509
2278,0.106976447,0.211155969
2279,0.106471694,0.210383727
2280,0.10602599,0.209708829
2281,0.10556265,0.209003104
2282,0.105046904,0.208207981
2283,0.10456242,0.207463826
2284,0.104010767,0.206604938
2285,0.103470919,0.205764097
2286,0.102938779,0.204934463
2287,0.102082031,0.203552346
2288,0.101500098,0.20270308
2289,0.100966544,0.201864245
2290,0.100319148,0.200829117
2291,0.099787463,0.199989358
2292,0.0991578,0.198979681
2293,0.098670348,0.198211822
2294,0.098096784,0.197294068
2295,0.097577508,0.196467755
2296,0.096977617,0.195500204
2297,0.096601947,0.194918589
2298,0.095637937,0.193314654
2299,0.095245669,0.192700539
2300,0.094635,0.191704452
2301,0.094170776,0.190961695
2302,0.093559325,0.189959521
2303,0.093105108,0.189298005
2304,0.092526524,0.188348701
2305,0.092138865,0.187733417
2306,0.091107277,0.185979296
2307,0.090699121,0.185323472
2308,0.090170126,0.184451795
2309,0.089638946,0.183574048
2310,0.089115242,0.182707417
2311,0.088679562,0.181995896
2312,0.088044275,0.180925394
2313,0.087649228,0.180282988
2314,0.086657491,0.178565479
2315,0.086315895,0.178014995
2316,0.085762804,0.177081098
2317,0.085314219,0.176334075
2318,0.084778859,0.175427702
2319,0.084320337,0.174658767
2320,0.083781891,0.173742169
2321,0.083398307,0.173106208
2322,0.082383572,0.171311655
2323,0.082000251,0.170607333
2324,0.081476715,0.169707386
2325,0.080900757,0.168708062
2326,0.080395192,0.167836151
2327,0.079976728,0.167123571
2328,0.078977483,0.165264543
2329,0.078587349,0.164599395
2330,0.078054982,0.163666408
2331,0.07755578,0.162792941
2332,0.077027952,0.161863123
2333,0.076490642,0.160850411
2334,0.076067192,0.160112597
2335,0.075075227,0.158293951
2336,0.07462179,0.157492885
2337,0.074113322,0.156523125
2338,0.073592116,0.155587817
2339,0.073187633,0.154812564
2340,0.072188586,0.152951818
2341,0.071794131,0.152250966
2342,0.071279118,0.151254329
2343,0.070797455,0.150380095
2344,0.070304143,0.149420445
2345,0.069834093,0.148563645
2346,0.069006073,0.147002617
2347,0.068574051,0.146213507
2348,0.068080188,0.145300163
2349,0.06762302,0.144456435
2350,0.067219706,0.143716898
2351,0.066315547,0.141978555
2352,0.065966227,0.141340269
2353,0.06549959,0.140407053
2354,0.065024969,0.139513531
2355,0.064575291,0.13866729
2356,0.064194174,0.137956793
2357,0.063308406,0.136221426
2358,0.062919152,0.13548782
2359,0.062466342,0.134622371
2360,0.062012125,0.133751151
2361,0.06164691,0.133059695
2362,0.060731184,0.131231741
2363,0.060366388,0.130534352
2364,0.059948515,0.129724781
2365,0.059585136,0.129025978
2366,0.058736302,0.127310695
2367,0.058425545,0.126715512
2368,0.057974956,0.125824607
2369,0.057496504,0.124871633
2370,0.057116938,0.124124467
2371,0.0563291,0.122506612
2372,0.055954381,0.121762489
2373,0.05552949,0.120853594
2374,0.055204688,0.120211661
2375,0.054356029,0.118437631
2376,0.054079009,0.11789251
2377,0.053644568,0.117003907
2378,0.053194855,0.116024547
2379,0.052906135,0.115447894
2380,0.052097802,0.11372829
2381,0.051775521,0.113071511
2382,0.051321545,0.112121051
2383,0.05096752,0.111335593
2384,0.050244394,0.109777019
2385,0.049867766,0.108986473
2386,0.049487706,0.10818524
2387,0.049153437,0.107484341
2388,0.048502588,0.106010918
2389,0.048143332,0.105246115
2390,0.047777067,0.10446241
2391,0.04742729,0.103713491
2392,0.046773015,0.10220851
2393,0.046432326,0.101472693
2394,0.046083545,0.10066398
2395,0.045756635,0.099954742
2396,0.045142799,0.098571133
2397,0.044836498,0.097851954
2398,0.044495873,0.097100335
2399,0.044208754,0.096421797
2400,0.043599317,0.095025344
2401,0.043318928,0.094406801
2402,0.042969198,0.093569706
2403,0.042738516,0.093065917
2404,0.042081397,0.091480482
2405,0.041812631,0.09087846
2406,0.041543597,0.090273652
2407,0.040936533,0.088789513
2408,0.04066633,0.088174901
2409,0.040366249,0.087435067
2410,0.04007105,0.086753789
2411,0.039528268,0.085452902
2412,0.039239645,0.084731475
2413,0.038912358,0.083958953
2414,0.038378668,0.082612565
2415,0.038092332,0.08193478
2416,0.03775382,0.081120994
2417,0.037481198,0.080423914
2418,0.036915352,0.079016935
2419,0.036660656,0.078358352
2420,0.036357247,0.077618517
2421,0.035834182,0.076252795
2422,0.035549542,0.075552761
2423,0.03527305,0.074823655
2424,0.035014482,0.074186389
2425,0.034470431,0.072737287
2426,0.034242513,0.072173646
2427,0.033982789,0.071475094
2428,0.033502118,0.070221499
2429,0.033253119,0.069543875
2430,0.032965473,0.068804227
2431,0.032485423,0.067483572
2432,0.032256488,0.06689633
2433,0.032021656,0.066243739
2434,0.031803186,0.065680441
2435,0.031346674,0.064398991
2436,0.031082617,0.063698947
2437,0.030858574,0.063063014
2438,0.030413129,0.061836502
2439,0.030187716,0.061188424
2440,0.029989878,0.060663007
2441,0.029543957,0.059367244
2442,0.02933086,0.058789443
2443,0.029126144,0.058187937
2444,0.028686937,0.056934058
2445,0.028486633,0.05633735
2446,0.028293776,0.055760338
2447,0.027899512,0.054572933
2448,0.02768087,0.053955038
2449,0.027504149,0.053416537
2450,0.02710424,0.052189519
2451,0.026913245,0.05159926
2452,0.026726295,0.051063858
2453,0.026314744,0.049776126
2454,0.02613678,0.049260012
2455,0.02596831,0.048726329
2456,0.025589592,0.047517636
2457,0.025430698,0.047006709
2458,0.025265532,0.046518133
2459,0.024911361,0.04536531
2460,0.024752056,0.044842797
2461,0.02458982,0.044308055
2462,0.024260133,0.043213012
2463,0.024108809,0.042751528
2464,0.023976934,0.042308105
2465,0.023693127,0.04134718
2466,0.023546219,0.040846119
2467,0.023276814,0.039920536
2468,0.023149833,0.039481171
2469,0.023024278,0.039044734
2470,0.022753889,0.038097868
2471,0.022650369,0.03773276
2472,0.022531156,0.037310477
2473,0.022276635,0.036402164
2474,0.022172548,0.03602799
2475,0.022060562,0.035623606
2476,0.021852066,0.03486558
2477,0.021753813,0.034460381
2478,0.021545598,0.033693016
2479,0.021431865,0.033225015
2480,0.021344072,0.032897503
2481,0.021183623,0.032249492
2482,0.021117917,0.031955576
2483,0.021073496,0.031787456
2484,0.020925596,0.031178926
2485,0.020817709,0.030719723
2486,0.020571897,0.02972333
2487,0.020542606,0.029562849
2488,0.020469711,0.029231634
2489,0.020265417,0.028380517
2490,0.020213564,0.028128041
2491,0.020139263,0.027785235
2492,0.02003313,0.027266133
2493,0.019973035,0.026976982
2494,0.01988425,0.026523191
2495,0.019852209,0.026345678
2496,0.01983281,0.026172153
2497,0.019754874,0.025758629
2498,0.019727416,0.025551024
2499,0.019661034,0.025182251
2500,0.019639105,0.024996353
