X,Y,Z,object_name
52.63528747,62.98151728,12.20398243,Blue_Berry_Elder.usd
52.42323618,62.64547691,12.22839861,Golden_Chain.usd
52.64210946,62.86284536,12.22210017,Common_Apple.usd
83.8608606,10.30223796,1.983697393,Common_Apple.usd
31.29985805,29.88623575,10.19237745,Fraxinus.usd
77.73779715,17.8937163,3.568785394,Blue_Berry_Elder.usd
40.4161342,35.00848901,10.00077695,Common_Apple.usd
9.647162549,7.483151485,10.75133325,American_Beech.usd
16.69228237,62.68488992,12.41912707,Common_Apple.usd
27.36221748,21.05250517,11.29555263,Golden_Chain.usd
7.750542729,42.01860236,9.507641142,Fraxinus.usd
1.213291901,34.48516849,9.090994251,Golden_Chain.usd
2.110974659,71.24546265,17.1659676,American_Beech.usd
14.88181405,52.74118054,10.18553859,Common_Apple.usd
27.61235267,69.44911382,11.500486,Fraxinus.usd
93.05890441,62.82210857,3.523828808,Fraxinus.usd
37.79231734,74.38215729,10.86484165,Common_Apple.usd
24.82808868,4.022217703,9.77409729,American_Beech.usd
23.55289262,75.4719606,13.17474351,Common_Apple.usd
14.46544072,59.81436003,12.06976901,Fraxinus.usd
59.02945859,9.163054163,5.110467538,American_Beech.usd
30.89717595,27.05994414,10.63336189,Blue_Berry_Elder.usd
16.04567159,11.59092563,11.7672465,Blue_Berry_Elder.usd
15.80678386,11.22685619,11.75671815,Blue_Berry_Elder.usd
52.94259638,24.14907687,6.032845017,Fraxinus.usd
52.78923713,24.04327057,6.048513097,Common_Apple.usd
69.09914369,38.34259845,6.069039879,Blue_Berry_Elder.usd
28.723626,33.66153509,9.53237341,Blue_Berry_Elder.usd
44.70503386,49.64152397,10.74772382,Golden_Chain.usd
68.07691838,22.4491616,5.21452576,Common_Apple.usd
23.86978777,55.09471067,9.811354103,Fraxinus.usd
24.07493637,55.15967305,9.803707112,American_Beech.usd
71.85184636,37.60405647,5.99532005,American_Beech.usd
71.69371669,37.97284958,6.067164604,American_Beech.usd
56.11130539,30.92797776,6.260628873,American_Beech.usd
51.06033076,89.69812489,10.54989647,Golden_Chain.usd
98.17950462,33.7628372,0.350962205,Golden_Chain.usd
56.19521461,50.90213673,10.38641539,Golden_Chain.usd
56.35597352,50.51693622,10.2638047,Fraxinus.usd
30.07234702,11.78380856,9.58147407,Common_Apple.usd
2.15611915,83.06558307,18.44175326,Fraxinus.usd
69.10887749,70.082919,7.84143662,Blue_Berry_Elder.usd
75.20804099,30.57833493,5.235951837,American_Beech.usd
75.42246472,30.9772929,5.148139708,Golden_Chain.usd
42.1818362,49.67691796,10.26123339,Fraxinus.usd
23.32752015,84.04521784,14.00037654,Blue_Berry_Elder.usd
32.17679718,82.45869011,12.482507,Fraxinus.usd
66.09929518,75.67119622,8.369202823,Blue_Berry_Elder.usd
82.54836222,35.80897476,3.648433936,American_Beech.usd
32.21309351,80.8161724,12.24425319,American_Beech.usd
30.22137878,83.13845304,12.68302122,Fraxinus.usd
1.0243,8.552725325,9.795727201,Blue_Berry_Elder.usd
100.2746793,85.19770868,2.202001768,Common_Apple.usd
45.3684671,27.4394526,7.461352172,Blue_Berry_Elder.usd
45.69022559,27.53656068,7.426035646,Golden_Chain.usd
45.97519011,27.20119734,7.300916605,Fraxinus.usd
45.58962337,28.24996813,7.590073872,Fraxinus.usd
45.16241679,27.91771652,7.608291764,Fraxinus.usd
5.709598674,95.44282244,19.33929437,Common_Apple.usd
29.17483269,97.94290234,15.40576638,American_Beech.usd
5.638416943,27.29644063,9.227590864,American_Beech.usd
64.55089728,92.36315671,9.005669751,American_Beech.usd
13.60525866,18.73034177,10.31171056,Fraxinus.usd
51.53537309,61.91632995,12.13655,Golden_Chain.usd
43.38588391,53.72205876,10.61138691,Blue_Berry_Elder.usd
85.18890585,77.41510921,4.338170744,Fraxinus.usd
11.98167905,19.26455651,10.04436495,American_Beech.usd
12.06239006,19.05021678,10.08492111,Common_Apple.usd
52.53513895,69.03531053,11.59354731,Common_Apple.usd
28.55101945,57.97215722,9.705513111,Fraxinus.usd
28.34645808,57.72677457,9.690852575,American_Beech.usd
28.25897195,57.55690221,9.67710941,Common_Apple.usd
28.76231923,57.58274088,9.644098592,Fraxinus.usd
13.73684943,93.74490657,16.99495171,American_Beech.usd
74.29204715,82.55334462,5.908440194,Blue_Berry_Elder.usd
27.49272978,35.72268372,9.405485274,American_Beech.usd
10.6322418,42.0803855,9.536122269,American_Beech.usd
5.704259072,98.4617721,19.72748935,Golden_Chain.usd
43.70384307,56.31512828,10.71607822,Common_Apple.usd
67.03104829,33.94740521,5.68625886,Fraxinus.usd
52.15567081,38.25362889,8.614582346,Common_Apple.usd
86.34672341,43.10946756,3.067145706,American_Beech.usd
85.72511664,42.63749395,2.998052864,Blue_Berry_Elder.usd
76.92802774,91.6522123,5.482679876,Golden_Chain.usd
69.51739832,18.72827469,5.13319871,Common_Apple.usd
69.56190636,18.89598475,5.159225475,American_Beech.usd
65.39062832,30.16240606,5.373278008,Blue_Berry_Elder.usd
82.68907184,37.53680541,3.580511102,Common_Apple.usd
78.73117957,48.85831724,5.208471735,Blue_Berry_Elder.usd
97.38600692,52.54420577,1.499476648,Blue_Berry_Elder.usd
34.63324744,58.72984046,9.668423869,Golden_Chain.usd
34.48443492,59.22993512,9.670595503,Common_Apple.usd
84.18439135,51.88767369,4.176582668,Blue_Berry_Elder.usd
83.26692731,44.31518162,3.690507075,Fraxinus.usd
46.74115161,11.35637812,6.941297102,American_Beech.usd
84.70244036,58.90874284,4.717761257,American_Beech.usd
94.38337923,30.09256523,0.59558142,Blue_Berry_Elder.usd
36.91730387,95.80829566,14.0073922,Common_Apple.usd
48.83394108,48.97691537,11.30931937,American_Beech.usd
48.93905922,78.84818969,10.87889075,American_Beech.usd
72.24522004,62.94539229,6.976982564,American_Beech.usd
72.45332046,62.61012385,6.954281255,Blue_Berry_Elder.usd
99.69131404,58.93729483,1.900186497,Golden_Chain.usd
89.7637178,30.11884066,1.109273061,Fraxinus.usd
4.334619205,51.24752396,11.1153219,American_Beech.usd
4.510844852,51.51700258,11.1794796,Blue_Berry_Elder.usd
4.487801053,51.83174225,11.32330529,Golden_Chain.usd
98.30601438,18.7886719,-0.050728912,Common_Apple.usd
83.08869436,61.53959516,5.059544289,American_Beech.usd
41.67093108,82.75623852,11.18121977,Fraxinus.usd
71.21417191,67.90929918,7.180424577,Fraxinus.usd
25.02425828,83.68790632,13.77179369,Fraxinus.usd
87.28430134,33.19649394,2.112666182,Fraxinus.usd
20.78457654,28.80952734,9.722535896,American_Beech.usd
41.63958071,55.31780448,10.38350982,Golden_Chain.usd
41.20843515,55.19465441,10.35001753,Fraxinus.usd
41.41267128,54.64925812,10.3500117,Fraxinus.usd
52.20694671,81.17049136,10.77617742,American_Beech.usd
49.58393494,57.69121204,12.08292161,Common_Apple.usd
70.45856778,52.04019251,6.84074687,Fraxinus.usd
21.06840106,39.7844014,9.235307202,Fraxinus.usd
24.22937667,54.31497176,9.744250753,Golden_Chain.usd
24.48787443,54.29966066,9.720502642,Fraxinus.usd
60.62332982,99.21742625,9.686056135,American_Beech.usd
69.47024481,33.59753908,5.79486558,American_Beech.usd
42.77213857,92.09563544,11.68597324,Common_Apple.usd
18.78357281,24.8102342,10.00933488,Fraxinus.usd
85.39078479,50.93768717,3.757900417,American_Beech.usd
2.471333302,39.7915298,9.067836313,Blue_Berry_Elder.usd
50.78987887,56.3501849,12.32262601,Blue_Berry_Elder.usd
95.65877885,4.442451149,0.871023178,Blue_Berry_Elder.usd
49.34661994,58.10568936,12.01223533,Blue_Berry_Elder.usd
65.02782279,6.232964833,3.716972893,American_Beech.usd
93.23855692,33.57973082,1.138238192,American_Beech.usd
67.54404655,97.39240218,8.408260373,Fraxinus.usd
8.066067875,93.23569279,18.56785905,Common_Apple.usd
91.62082852,70.93446472,3.67383916,American_Beech.usd
49.7967153,98.37699596,11.20396575,American_Beech.usd
31.79316842,57.78163824,9.575326926,Fraxinus.usd
31.82335538,58.17736452,9.589468568,Fraxinus.usd
90.19054096,53.81920264,3.37756985,Fraxinus.usd
90.08362017,54.06160715,3.423561606,Blue_Berry_Elder.usd
63.20156945,37.29153593,6.321158212,Fraxinus.usd
72.46749861,93.52605947,6.632440788,Fraxinus.usd
51.16388335,50.89693793,11.63002861,Common_Apple.usd
43.94542606,44.55565361,10.37453813,American_Beech.usd
74.60401534,35.70612303,5.507888373,Fraxinus.usd
75.78608472,68.16111731,5.998195938,Common_Apple.usd
6.205782106,57.58241494,13.41285501,Blue_Berry_Elder.usd
34.68155425,92.1956838,13.70308251,American_Beech.usd
85.83427439,92.67893151,4.056683582,Fraxinus.usd
24.38185839,30.82569873,9.636078721,Golden_Chain.usd
24.50385575,31.09166059,9.621315994,Golden_Chain.usd
13.19925322,20.9039579,9.978510458,Golden_Chain.usd
98.92274004,58.4502696,2.057166639,Blue_Berry_Elder.usd
98.64538457,58.5540652,2.142082514,Golden_Chain.usd
57.71940349,26.25797397,5.925010193,Golden_Chain.usd
57.82117498,26.53104458,5.925624916,Golden_Chain.usd
57.32871944,25.89895935,5.926410097,Common_Apple.usd
76.39149685,54.7575998,6.185097994,Fraxinus.usd
69.0287815,52.19249154,7.202725489,Golden_Chain.usd
69.53514987,8.588047521,3.336492458,American_Beech.usd
89.74550297,90.73349775,3.39647501,Fraxinus.usd
64.96492539,45.41274856,7.142686336,Golden_Chain.usd
7.312820158,55.74738965,12.32794676,American_Beech.usd
7.328179133,55.38105254,12.13553565,Fraxinus.usd
81.06843861,7.062604593,2.656265988,Blue_Berry_Elder.usd
75.88139483,23.52598986,4.664130702,American_Beech.usd
49.47086672,70.3380381,11.22185059,Fraxinus.usd
92.0499814,2.444460425,1.902435334,Common_Apple.usd
63.22004848,9.550616984,4.10925502,Common_Apple.usd
63.48516835,55.50886087,9.379596572,Fraxinus.usd
70.6860105,13.06329013,3.610401278,Common_Apple.usd
70.84064548,13.14939613,3.607934275,American_Beech.usd
43.47686102,94.91441021,12.03149507,Fraxinus.usd
86.24821405,88.72414525,3.984772268,American_Beech.usd
88.66787764,72.89353555,3.889374387,Fraxinus.usd
27.96017565,90.65068859,14.39086041,Golden_Chain.usd
13.62166835,88.3886186,16.34703355,Fraxinus.usd
19.44292133,75.63976402,13.82782633,American_Beech.usd
8.203142341,36.67614979,9.249432762,Blue_Berry_Elder.usd
8.642532292,36.70928457,9.246895162,Fraxinus.usd
3.037190753,4.460535505,9.921638874,Common_Apple.usd
101.4485668,62.7597283,1.758064498,Common_Apple.usd
101.4088986,63.01398749,1.784676316,American_Beech.usd
17.44245977,13.87833647,11.71082541,Common_Apple.usd
92.65535306,78.96799836,3.080334176,American_Beech.usd
82.21184546,4.773762141,3.037633749,Golden_Chain.usd
72.79735035,33.30352874,5.575223656,Common_Apple.usd
81.65817017,52.64333294,4.674638561,Blue_Berry_Elder.usd
75.9712022,33.7389918,5.041805718,Common_Apple.usd
42.26920367,90.58931483,11.55097965,American_Beech.usd
43.0175215,49.50114655,10.37824042,Fraxinus.usd
60.73801432,57.26956389,10.50986627,Common_Apple.usd
57.52416026,-1.7648,4.527222752,Common_Apple.usd
53.66527855,94.58367201,10.28252332,Blue_Berry_Elder.usd
47.30921979,99.48043801,12.1366588,Fraxinus.usd
81.9240523,76.25046099,5.215883901,Golden_Chain.usd
94.75045191,93.83506079,2.80573184,Fraxinus.usd
15.69870902,36.60922452,9.258831555,Common_Apple.usd
15.4812352,36.74826145,9.259159531,Blue_Berry_Elder.usd
16.02576354,36.66472713,9.248041,Golden_Chain.usd
40.57825425,45.38691039,9.90506086,Common_Apple.usd
92.64650262,33.24007182,1.237084061,Golden_Chain.usd
78.04396033,43.72098069,4.956950924,Common_Apple.usd
67.81089905,63.69805216,8.698970005,Common_Apple.usd
68.15833313,64.01988012,8.529952741,Golden_Chain.usd
20.9463907,29.27391988,9.683669417,Common_Apple.usd
95.18265136,20.80581158,0.116381717,Fraxinus.usd
73.16200039,21.20296678,4.80533156,Blue_Berry_Elder.usd
73.48592442,21.26710424,4.735414842,Common_Apple.usd
80.68841262,42.86353104,4.237783595,Common_Apple.usd
61.02522212,90.68855309,9.657658521,Common_Apple.usd
62.5845165,32.87645383,5.979442579,Common_Apple.usd
82.63919888,67.97842248,5.022954327,Blue_Berry_Elder.usd
100.0061677,64.58753859,2.260724699,Golden_Chain.usd
74.24560005,56.45706615,6.570717748,Fraxinus.usd
41.97231293,76.57174817,11.04691955,Blue_Berry_Elder.usd
18.30366473,25.25205768,9.908877557,Golden_Chain.usd
89.6336866,63.8011093,3.947576182,Common_Apple.usd
18.4591909,20.94358641,10.49052449,Common_Apple.usd
86.81719606,20.71741358,1.25099601,Fraxinus.usd
75.00032051,57.25168967,6.602662634,Blue_Berry_Elder.usd
98.08950067,12.18031748,0.197811814,Common_Apple.usd
79.87907173,75.16300984,5.377124135,American_Beech.usd
61.63948285,31.66106423,5.937632497,Common_Apple.usd
69.24345277,95.70172517,8.000236537,Golden_Chain.usd
79.20777783,15.56267682,2.725492509,Fraxinus.usd
33.27476581,60.79221196,9.708857839,Golden_Chain.usd
94.83359199,66.00881547,3.295055432,American_Beech.usd
9.580122862,88.54501656,17.34189447,Common_Apple.usd
14.79353108,96.94641471,17.25489948,Fraxinus.usd
14.86623886,96.93251348,17.23878217,Fraxinus.usd
64.01681101,49.99358647,7.785306157,Common_Apple.usd
84.09331919,10.87716292,1.821495558,American_Beech.usd
98.53851618,57.75478206,2.040200628,Common_Apple.usd
98.94305241,57.42008268,1.83284898,Fraxinus.usd
99.00437887,57.81661319,1.901772663,American_Beech.usd
98.52618925,58.12203637,2.102734228,Blue_Berry_Elder.usd
99.40141161,57.53664308,1.762477281,Blue_Berry_Elder.usd
85.80705618,53.76352264,4.132342715,Blue_Berry_Elder.usd
82.73485763,65.75510487,5.097094093,Fraxinus.usd
78.97626024,3.258494123,3.218599717,Common_Apple.usd
51.73074821,52.06201568,11.73149748,Blue_Berry_Elder.usd
3.550519874,4.453940384,9.954042481,Blue_Berry_Elder.usd
3.324707524,4.412198765,9.939926599,Golden_Chain.usd
76.25325266,27.96238281,5.022728815,Common_Apple.usd
76.18890906,27.84228969,5.028742201,Fraxinus.usd
21.78434803,38.72997998,9.304335243,American_Beech.usd
13.63257397,72.22253696,14.79778366,American_Beech.usd
13.60879469,72.43509696,14.84483592,American_Beech.usd
88.15452345,59.53849613,4.164830784,American_Beech.usd
11.7955168,82.32934194,16.14054999,Golden_Chain.usd
68.62655941,32.00813262,5.645224908,Golden_Chain.usd
68.85684335,31.74119475,5.655819317,Golden_Chain.usd
26.24265032,72.90426366,12.34057757,Fraxinus.usd
86.81229519,52.02931621,3.835759674,Common_Apple.usd
80.66294434,25.23874401,4.112106492,Fraxinus.usd
64.66634168,67.95369458,9.879654885,Blue_Berry_Elder.usd
64.11456739,68.38115553,10.03049345,American_Beech.usd
64.03606713,68.06132059,10.07009086,Golden_Chain.usd
64.27925353,68.21627562,9.988211556,Fraxinus.usd
69.70682105,28.02469674,5.444285716,Blue_Berry_Elder.usd
70.37274435,60.60322568,7.660984763,Fraxinus.usd
86.17005246,101.8897028,4.267796231,Blue_Berry_Elder.usd
20.64154535,21.29745525,10.74280044,American_Beech.usd
63.18821892,83.35033657,8.96461355,American_Beech.usd
93.85332236,9.679490223,1.187495262,Fraxinus.usd
89.15752799,14.90617953,0.977232995,Blue_Berry_Elder.usd
68.55231197,89.87085134,7.532947494,Common_Apple.usd
5.351187271,78.90333578,16.96913312,Blue_Berry_Elder.usd
78.1852592,6.907186095,2.690151706,Golden_Chain.usd
53.22304925,53.9164024,11.80896625,Fraxinus.usd
73.51911702,20.77952549,4.648410689,Fraxinus.usd
92.96675691,25.31475548,0.561863093,Fraxinus.usd
77.74175065,85.433999,5.181691526,Common_Apple.usd
61.77139887,95.58010994,9.313365282,American_Beech.usd
29.14173474,36.27683308,9.420923103,American_Beech.usd
68.85603377,6.384224782,3.575925436,American_Beech.usd
68.73941065,6.208630776,3.586562262,Fraxinus.usd
53.48552044,28.46482166,6.121514324,Golden_Chain.usd
72.13083065,19.78904685,4.83541241,Blue_Berry_Elder.usd
8.723415544,13.03197334,10.28002143,Fraxinus.usd
35.68254498,83.95108185,11.86361652,American_Beech.usd
35.85193889,83.91708029,11.84517382,Common_Apple.usd
35.63711516,83.7553808,11.85703754,Common_Apple.usd
35.87117091,83.82648541,11.83819942,Fraxinus.usd
35.78111063,83.71437947,11.84067933,American_Beech.usd
57.30783086,53.2825472,10.66199838,Common_Apple.usd
51.60599298,93.58602658,10.67059022,Fraxinus.usd
69.98892919,64.94412107,7.603756536,American_Beech.usd
41.80642318,92.57124397,12.05885908,Blue_Berry_Elder.usd
76.9879343,39.2893609,5.003892921,American_Beech.usd
70.87502209,64.22251629,7.449533183,American_Beech.usd
70.73453391,64.0314648,7.487403365,Golden_Chain.usd
37.00418967,98.22356719,14.73290312,Common_Apple.usd
73.65790832,89.04402176,6.12616912,Fraxinus.usd
95.02327321,1.057969978,0.912762217,Common_Apple.usd
87.74467686,90.15582684,3.774150348,American_Beech.usd
64.27759371,69.50392044,9.80201953,Blue_Berry_Elder.usd
19.50018653,46.40008029,9.556927901,Golden_Chain.usd
70.62353475,65.95885111,7.380984428,Common_Apple.usd
87.98180453,76.15708934,3.920028959,American_Beech.usd
74.8825142,95.43379503,6.291834396,Blue_Berry_Elder.usd
41.16738702,84.8754069,11.28113903,Common_Apple.usd
40.16579291,97.0254449,13.20900984,Blue_Berry_Elder.usd
82.49526233,96.5634131,4.629572753,Blue_Berry_Elder.usd
100.352492,46.92177272,0.575811861,Golden_Chain.usd
97.11621179,8.605630131,0.586034462,Common_Apple.usd
67.50739108,48.21910121,6.636357345,Blue_Berry_Elder.usd
67.4828285,48.05058696,6.616680291,Fraxinus.usd
16.1538004,73.48138404,14.57040642,American_Beech.usd
92.12788231,14.88100587,0.73016078,American_Beech.usd
35.46728611,92.6907906,13.67344197,Blue_Berry_Elder.usd
93.54535241,91.11804641,2.860222526,Common_Apple.usd
13.30483713,74.20254862,15.24711388,American_Beech.usd
22.68858295,5.028732177,10.34416603,American_Beech.usd
10.64616604,20.63669621,9.822639996,American_Beech.usd
10.48402984,20.68593879,9.8128079,Blue_Berry_Elder.usd
87.35091685,93.76016387,3.984916792,Golden_Chain.usd
13.30602158,72.35246988,14.92060423,Fraxinus.usd
88.72774406,17.16483356,0.800122375,American_Beech.usd
6.24322635,81.34350764,17.13710397,Blue_Berry_Elder.usd
7.844322726,90.11002997,18.25717407,Golden_Chain.usd
18.89198375,4.912442221,11.34103358,Common_Apple.usd
28.94585676,75.47684905,11.98064639,American_Beech.usd
2.125401355,79.50299364,17.92527196,Fraxinus.usd
54.10743223,65.72715197,12.03876485,Fraxinus.usd
39.23434079,92.68398693,12.40733724,Fraxinus.usd
79.16424778,57.33277109,5.651074935,Fraxinus.usd
87.41126062,4.719439859,2.708329074,American_Beech.usd
15.50628407,89.79578356,16.19642086,Golden_Chain.usd
11.98467349,85.62129812,16.55443066,Fraxinus.usd
17.09721177,21.67839046,10.20328165,Fraxinus.usd
82.64864404,67.22897771,5.119006028,American_Beech.usd
99.52146979,44.74383728,0.701970869,Common_Apple.usd
47.28121619,68.15323344,11.16550291,Fraxinus.usd
68.04479706,2.044600494,3.502844026,Fraxinus.usd
67.96169645,2.232181484,3.504747263,Golden_Chain.usd
29.38743612,73.91864862,11.75431652,Fraxinus.usd
99.09717844,40.11825113,0.618813478,American_Beech.usd
88.19128118,95.21050273,3.959350522,American_Beech.usd
24.6188248,82.85732706,13.75812114,Common_Apple.usd
24.35307652,82.95902861,13.78028891,Fraxinus.usd
46.35650218,33.3596133,8.215692193,American_Beech.usd
34.71352655,62.44323717,9.846494438,Blue_Berry_Elder.usd
71.74254816,17.33045392,4.423205206,Blue_Berry_Elder.usd
71.99745036,12.22918446,3.272269588,Blue_Berry_Elder.usd
73.14402674,12.88035444,3.234988459,Blue_Berry_Elder.usd
73.75782012,12.98823555,3.097183645,American_Beech.usd
71.5980543,5.521364965,3.350200969,American_Beech.usd
84.96095555,12.34089105,1.525189629,Fraxinus.usd
87.81906115,10.40499027,1.759988677,Common_Apple.usd
90.10853518,11.48448755,1.454253651,American_Beech.usd
53.62868618,97.78510682,10.59674826,American_Beech.usd
54.51226462,92.66840395,10.20915714,Fraxinus.usd
82.96386365,96.67789534,4.309046169,Fraxinus.usd
91.38439201,93.99194936,3.271003561,Fraxinus.usd
88.22447429,98.83566526,4.044636939,Blue_Berry_Elder.usd
79.15767243,89.88944401,4.950719978,Fraxinus.usd
75.54974844,85.8493902,5.667804625,Fraxinus.usd
17.90271415,21.76241301,10.26045789,Common_Apple.usd
17.6412683,21.92206835,10.20638689,American_Beech.usd
91.41056853,20.70807034,0.561919578,Fraxinus.usd
9.578855785,49.6327406,10.16689712,Common_Apple.usd
9.79431582,49.71859352,10.1597849,Blue_Berry_Elder.usd
2.694491114,6.810525592,9.926988046,American_Beech.usd
2.593670703,6.912870765,9.917977294,Fraxinus.usd
12.09853509,7.652964167,11.2733784,Golden_Chain.usd
15.75392652,18.66898927,10.52364185,Golden_Chain.usd
27.97967765,27.10363987,10.42398688,Golden_Chain.usd
3.165659104,39.2345491,9.167524391,Blue_Berry_Elder.usd
61.12298605,4.100486518,4.195372955,Golden_Chain.usd
61.75759321,2.042726278,3.937004099,Golden_Chain.usd
62.34939805,6.321036594,3.983371922,Golden_Chain.usd
60.05084428,6.56915058,4.46521532,Common_Apple.usd
60.0251184,6.732473462,4.49343941,Fraxinus.usd
80.1864164,1.636941387,3.442325577,Golden_Chain.usd
80.17255104,1.731769761,3.421086537,American_Beech.usd
79.86213712,1.353515209,3.493173531,Fraxinus.usd
80.22019631,1.47047138,3.480138105,Golden_Chain.usd
82.36669621,4.463867657,3.062723836,American_Beech.usd
81.85152552,4.62642816,3.066950421,Fraxinus.usd
78.21678717,5.960230964,2.898805975,Blue_Berry_Elder.usd
78.33524407,5.984099771,2.913253271,American_Beech.usd
96.96054915,22.07843783,0.027157871,Fraxinus.usd
98.56932982,15.32052352,0.045541489,Common_Apple.usd
99.08706768,12.2307522,0.011422594,Common_Apple.usd
92.50440896,6.657221173,1.65675853,Fraxinus.usd
92.30952106,6.472217962,1.705481011,Common_Apple.usd
56.82280999,21.77987346,5.90902568,American_Beech.usd
53.50271261,27.58281871,6.088410771,Fraxinus.usd
53.77675621,27.48372845,6.069935384,American_Beech.usd
55.29020912,22.61351968,6.000873436,Fraxinus.usd
55.30009235,22.76112746,6.002470074,Golden_Chain.usd
21.29933162,28.72360764,9.758528754,Fraxinus.usd
21.17032809,29.37264339,9.680058167,American_Beech.usd
42.55426274,40.10906137,10.0844824,Blue_Berry_Elder.usd
64.792621,21.15574931,4.808397007,Fraxinus.usd
64.7628395,20.93768036,4.791319,Common_Apple.usd
67.24289635,23.59906609,5.040774343,Common_Apple.usd
67.31384878,23.39556199,5.048579298,American_Beech.usd
63.96169358,30.76255871,5.669705265,Common_Apple.usd
19.98343218,35.5143249,9.428695786,American_Beech.usd
22.05817033,39.55967948,9.271377442,Golden_Chain.usd
24.29977108,46.58103949,9.216209161,Common_Apple.usd
1.17076445,78.61189447,17.87069477,Blue_Berry_Elder.usd
3.09627411,81.44030186,18.008653,Common_Apple.usd
3.265575304,81.37541986,17.95225364,American_Beech.usd
3.504707162,81.32269676,17.88080766,Fraxinus.usd
3.745310637,83.65342519,18.21423299,Common_Apple.usd
15.5453872,96.0799736,16.98331477,Common_Apple.usd
12.40838733,90.66678626,17.09856954,Blue_Berry_Elder.usd
12.01950508,87.95785775,16.75971507,Fraxinus.usd
12.03946655,85.60274015,16.53908138,Golden_Chain.usd
11.79668569,85.59440578,16.61620207,Fraxinus.usd
11.75104215,85.53544259,16.62845214,Common_Apple.usd
13.24700386,94.29301061,17.1420344,Blue_Berry_Elder.usd
12.52928383,94.64143876,17.39989311,Golden_Chain.usd
16.01456077,73.51047993,14.62689315,Common_Apple.usd
16.09927533,73.35706227,14.57305494,Golden_Chain.usd
12.82536313,73.91777509,15.33379871,Common_Apple.usd
12.82962807,74.12138992,15.34279244,Common_Apple.usd
13.09515854,74.11627146,15.28023224,Golden_Chain.usd
73.13517638,86.40694646,6.1799309,Common_Apple.usd
74.2474738,93.251717,6.247683858,Fraxinus.usd
72.791994,96.24274416,6.905820867,Blue_Berry_Elder.usd
69.36676923,92.57083904,7.382382351,Common_Apple.usd
62.65407862,96.225732,9.107612823,Common_Apple.usd
63.25217064,87.23361842,8.891409078,Common_Apple.usd
63.2212994,87.30773254,8.91476039,Common_Apple.usd
60.26442245,91.93872074,9.671620977,Blue_Berry_Elder.usd
59.92707711,91.98862495,9.627169347,Golden_Chain.usd
41.77006189,94.25339853,12.23603332,Fraxinus.usd
22.9341551,98.12508758,15.93250622,Blue_Berry_Elder.usd
23.07776233,97.9706763,15.89801546,Golden_Chain.usd
22.89754743,97.95028209,15.92171982,Common_Apple.usd
24.45143486,99.4141208,15.85535668,Common_Apple.usd
48.58589166,83.22416541,10.88210247,Fraxinus.usd
47.64905834,85.7771422,10.87951267,Blue_Berry_Elder.usd
41.88395195,83.72773596,11.19744535,Common_Apple.usd
20.41115187,85.84606642,14.60208921,American_Beech.usd
18.32273085,75.1282344,14.03970486,Common_Apple.usd
22.38385899,77.04815936,13.52536822,Golden_Chain.usd
29.43031077,81.30598331,12.53860425,Fraxinus.usd
29.69289213,81.27370458,12.49210186,Golden_Chain.usd
27.21385756,80.92936424,13.12007528,American_Beech.usd
34.55218184,62.14416762,9.826499617,Common_Apple.usd
33.667505,61.12871617,9.738696036,Fraxinus.usd
81.73495164,20.19364426,2.942468504,Fraxinus.usd
81.85265028,20.38616271,2.936561268,Common_Apple.usd
81.68251881,20.30441976,2.973291116,American_Beech.usd
97.65656708,25.80858991,-0.134332259,Common_Apple.usd
82.1575043,23.2003211,3.421884562,Fraxinus.usd
82.28410432,23.29010609,3.365338995,American_Beech.usd
47.55032497,68.09844526,11.18290601,Blue_Berry_Elder.usd
49.53405348,63.28090212,11.68727277,Blue_Berry_Elder.usd
49.42313593,60.26477889,11.88203524,Blue_Berry_Elder.usd
55.46527412,57.91825084,11.92442935,Fraxinus.usd
57.05213764,58.17055052,11.56469262,Common_Apple.usd
56.5118531,56.66239928,11.53018927,Blue_Berry_Elder.usd
51.85997631,54.22569027,12.19787546,Blue_Berry_Elder.usd
51.71262252,54.42391069,12.21814118,Golden_Chain.usd
51.64156551,54.10722055,12.18828902,Common_Apple.usd
51.78469148,54.43341881,12.21978519,Fraxinus.usd
88.97105981,32.29454965,1.545147176,American_Beech.usd
88.86124545,32.29699086,1.533528443,American_Beech.usd
62.25388375,41.47838731,7.110335377,American_Beech.usd
64.38387134,39.64025667,6.420794697,American_Beech.usd
64.53088023,39.81316646,6.42534486,Golden_Chain.usd
64.42620335,39.65062308,6.417886589,Golden_Chain.usd
63.72104574,47.34142579,7.910413079,Golden_Chain.usd
69.7337447,45.70166248,6.296638903,Fraxinus.usd
63.83617702,49.02141394,7.856936504,Common_Apple.usd
64.01197647,50.3781155,8.050657278,Fraxinus.usd
64.9050856,50.1610866,7.655274835,Blue_Berry_Elder.usd
64.8455515,50.19622536,7.692621915,American_Beech.usd
66.31850482,50.18118418,7.424895088,Golden_Chain.usd
64.05050046,57.44620326,9.612451759,Fraxinus.usd
64.25884648,57.50040262,9.552336476,Blue_Berry_Elder.usd
64.21315558,57.40766806,9.569788751,Fraxinus.usd
64.03883692,57.31961398,9.62234084,Blue_Berry_Elder.usd
69.85902492,61.12116317,7.870975599,American_Beech.usd
60.85973419,35.80410823,6.459958081,American_Beech.usd
97.33184291,77.54369515,2.554549711,Fraxinus.usd
94.86961306,68.59754476,3.205542224,Blue_Berry_Elder.usd
93.52947422,67.66896089,3.430950044,Common_Apple.usd
89.32733178,74.34605307,3.754448537,Blue_Berry_Elder.usd
87.45838198,72.15238287,4.079122646,Golden_Chain.usd
98.36317209,60.96227361,2.505744655,Fraxinus.usd
91.51951501,66.52967583,3.742896489,Fraxinus.usd
92.18988852,65.99497584,3.677049001,Fraxinus.usd
72.51618346,69.44019363,6.784047398,Common_Apple.usd
77.69097377,52.81207907,5.728659463,American_Beech.usd
91.28861007,54.15163646,3.220645415,American_Beech.usd
100.0106147,45.52531247,0.685827942,American_Beech.usd
99.06115562,43.17515296,0.627231875,Fraxinus.usd
77.89439504,35.47300412,4.509805591,Golden_Chain.usd
86.93867792,23.21622636,1.656839091,Blue_Berry_Elder.usd
82.36196608,26.1964615,3.536633618,Fraxinus.usd
82.02823104,33.97727264,3.307217263,American_Beech.usd
79.70316172,33.97002938,4.172037333,Common_Apple.usd
79.70628566,30.95142541,4.068556602,Common_Apple.usd
86.89348989,29.28856363,2.124313239,Fraxinus.usd
91.30892655,34.69160254,1.617464,American_Beech.usd
93.15760777,37.04182018,1.488588399,Common_Apple.usd
93.41542852,39.6599363,1.600716896,Fraxinus.usd
98.10588507,35.97628006,0.482483868,American_Beech.usd
92.50153916,43.06215934,1.926955966,Blue_Berry_Elder.usd
95.76810629,37.82184571,1.0346633,American_Beech.usd
95.79429615,30.72511745,0.462645699,American_Beech.usd
96.18893865,31.29233917,0.520371572,Golden_Chain.usd
96.33841594,31.30509864,0.501192584,Common_Apple.usd
64.66252433,46.48876086,7.480335143,Fraxinus.usd
87.62552997,22.78483639,1.342843144,Common_Apple.usd
35.91191705,92.15209508,13.34084353,American_Beech.usd
19.25650446,14.53897845,11.83576131,Blue_Berry_Elder.usd
31.3146668,57.53188187,9.567524567,Golden_Chain.usd
32.271488,55.65336169,9.490311862,Common_Apple.usd
8.656196402,59.60297091,13.62331581,American_Beech.usd
28.85341045,102.1735919,15.74886344,Blue_Berry_Elder.usd
6.495693202,98.80497083,19.41882348,Common_Apple.usd
3.053817118,93.95249283,19.22579837,Blue_Berry_Elder.usd
6.400369272,84.1036618,17.65571865,Blue_Berry_Elder.usd
6.310154962,84.64818875,17.71729251,Golden_Chain.usd
85.20049931,19.63251768,1.539538093,Common_Apple.usd
78.64019446,57.67970105,5.80853455,Blue_Berry_Elder.usd
81.59399307,58.15056366,5.087404834,Fraxinus.usd
77.42861729,93.38826637,5.426114974,American_Beech.usd
36.79269392,65.97689463,10.15201454,American_Beech.usd
56.28369392,30.64389463,6.192408093,Blue_Berry_Elder.usd
56.52369392,31.13089463,6.280953816,Common_Apple.usd
29.38169392,45.17189463,9.435176147,American_Beech.usd
35.79569392,4.969894633,8.584725822,American_Beech.usd
2.600693923,39.56289463,9.090570027,American_Beech.usd
57.24969392,26.15489463,5.937008539,Blue_Berry_Elder.usd
86.85569392,51.92389463,3.821809388,Golden_Chain.usd
93.78069392,9.862894633,1.186272771,Fraxinus.usd
4.190693923,41.38889463,9.25811093,American_Beech.usd
92.35169392,14.56989463,0.734446896,Blue_Berry_Elder.usd
59.56969392,64.46989463,11.48134317,Golden_Chain.usd
59.54769392,64.83689463,11.4648347,Common_Apple.usd
59.57269392,65.24189463,11.43466393,American_Beech.usd
49.72069392,58.13789463,12.10486729,Fraxinus.usd
82.44269392,57.72189463,4.933651436,Fraxinus.usd
9.637693923,49.46789463,10.15881655,Fraxinus.usd
3.468693923,41.05789463,9.166477735,Fraxinus.usd
92.39969392,6.616894633,1.686434944,American_Beech.usd
92.30369392,6.526894633,1.710502143,Golden_Chain.usd
24.12869392,99.36989463,15.89550103,Fraxinus.usd
24.27869392,99.33989463,15.87310416,Fraxinus.usd
62.94469392,53.30589463,9.301269142,American_Beech.usd
95.68069392,30.85989463,0.511133197,Common_Apple.usd
16.03669392,13.74089463,11.52091208,Fraxinus.usd
32.46569392,55.64989463,9.496292845,Fraxinus.usd
22.35269392,24.00789463,10.37140447,Golden_Chain.usd
16.69169392,98.82989463,16.99045972,Fraxinus.usd
6.127693923,99.62989463,19.73438812,American_Beech.usd
4.639693923,85.84389463,18.41581875,American_Beech.usd
58.312980444916434,83.48086134831104,9.393857516171437,Common_Apple.usd
99.34799224397321,1.9798579477782499,1.1110541524192286,Common_Apple.usd
88.91591291836527,44.3387155794275,2.711642094746162,Blue_Berry_Elder.usd
48.51170927838532,96.57523727076719,11.358379056808218,Fraxinus.usd
100.90760897647039,23.71567237608782,0.0525530526691286,Fraxinus.usd
52.80183771900884,86.50858398640375,10.664559424473785,Fraxinus.usd
52.63140096774568,75.96515196393042,11.045021773320329,American_Beech.usd
45.29829512634633,79.29875358704294,11.024416961468514,Fraxinus.usd
16.20821485114162,101.64630656356628,16.95666859663234,Fraxinus.usd
9.846191520684423,28.000183984792837,9.572970895559603,American_Beech.usd
2.561489865130598,91.56713089669005,18.870989261518623,Common_Apple.usd
98.09434317890421,-1.5876096635356505,1.2974367833618445,Common_Apple.usd
32.91850228597016,67.67701427250476,10.224436681816764,Fraxinus.usd
78.43692425964214,66.00372835449431,5.316846967075238,American_Beech.usd
65.04083469967568,27.4579113778789,5.339448886792358,Blue_Berry_Elder.usd
4.400449623615278,58.53798601365691,12.797153906377549,American_Beech.usd
62.849661164177334,61.75446900502925,10.348509407151008,Fraxinus.usd
36.998017827245576,45.53334370392634,10.05300764987923,Fraxinus.usd
20.915868418022413,52.59083879189984,9.827496466604538,Fraxinus.usd
86.13519374805323,37.4356710144456,3.1634062842075847,American_Beech.usd
40.35802945271682,65.31484203130259,10.354420418209022,Blue_Berry_Elder.usd
73.99517839645382,66.87030282212127,6.851051682317606,Common_Apple.usd
78.12754423994413,21.508842638000235,3.481423606780257,American_Beech.usd
63.52725628049089,78.3449531592644,8.865425810901568,Blue_Berry_Elder.usd
8.477268400652619,63.47380885353605,12.878804179563922,American_Beech.usd
62.86014596828279,34.95860971179905,6.131715085069208,Common_Apple.usd
5.024893828790621,74.17316600641804,17.381593001236222,Blue_Berry_Elder.usd
35.77950084104075,70.07674300788301,10.49265560217344,Common_Apple.usd
70.23933343581322,41.821971675023136,6.155595389046536,American_Beech.usd
100.87069901004277,82.60705479871491,2.5211917513930318,Common_Apple.usd
89.60378237068,96.82758250323916,3.8687036177975878,Fraxinus.usd
18.319799171932598,1.2310186683888051,10.885146366942827,American_Beech.usd
26.128722069549035,100.66824671493339,15.855825618472997,Fraxinus.usd
42.549645959181035,33.51061522827209,8.897614649284336,Fraxinus.usd
24.695642673286024,69.9845234898204,12.089996396642453,Fraxinus.usd
84.63391772685854,69.5450470330728,4.729964651971724,Fraxinus.usd
44.92160478897839,80.31484685818725,11.03931498935375,Fraxinus.usd
21.155571960067093,3.5924512405780593,10.737775773525467,American_Beech.usd
16.916763287412984,34.15016176734057,9.333128011803092,Common_Apple.usd
57.082962159125834,34.45374780213642,6.243031639465127,Common_Apple.usd
23.61992425621099,27.675857840798123,9.699233075665559,American_Beech.usd
74.91345380403438,40.113971005371866,5.455295740932418,American_Beech.usd
15.070859923300658,44.62542538403515,9.855590059987671,Golden_Chain.usd
96.99328397869473,41.08557615423241,0.8752608984303305,American_Beech.usd
38.70813259088279,68.74964935350101,10.325550534958131,Common_Apple.usd
35.31776640245968,73.32906051660012,11.120617846016039,American_Beech.usd
54.905440995376296,68.10353161679907,11.770287108136765,Common_Apple.usd
31.958296439668207,89.75530751053368,13.642941560713703,American_Beech.usd
21.054525819907436,43.517433075340406,9.329015404358989,Golden_Chain.usd
33.434392180118884,43.81746242264131,9.587712256712305,American_Beech.usd
56.144416653018425,100.19407036104627,10.247492903615578,American_Beech.usd
77.96557097110667,26.27747205181602,4.579442498752408,Fraxinus.usd
92.28781037321536,51.51944306869386,3.1392154733315687,Blue_Berry_Elder.usd
56.021146245905044,1.6337578575157423,4.3379656698739995,Common_Apple.usd
13.307884195638515,55.1285904410946,11.207320999566234,Fraxinus.usd
6.577917366953985,39.62021966300499,9.281833010352635,Fraxinus.usd
18.31366624682668,67.02432578284547,14.04134368913394,Common_Apple.usd
62.00627166403835,67.07683884730608,10.242318728164921,American_Beech.usd
72.90703566463561,59.49809187545779,7.136696434590598,Fraxinus.usd
43.09270998262725,101.03233185355167,12.818200852179688,Fraxinus.usd
99.55623242029652,21.048570338332116,-0.0012851929288550117,Common_Apple.usd
60.75867662954543,-1.2934716966767585,4.228531871357092,Golden_Chain.usd
46.53734257655824,77.97468896540585,10.938504608175252,American_Beech.usd
67.98143633059958,84.37261018392543,8.117477572502034,Common_Apple.usd
99.5821724475573,66.77636563590913,2.39317001035274,American_Beech.usd
83.35277202642698,74.83131196374448,4.73141272862664,Golden_Chain.usd
57.66461408015938,97.30078406904573,9.816020969091804,American_Beech.usd
3.879662130419776,47.899891332091414,10.899114627220289,American_Beech.usd
38.75564158952629,76.69139459501704,11.184490553836874,Fraxinus.usd
38.10303715865534,71.47309483767347,10.746717567053004,Blue_Berry_Elder.usd
85.54268937780425,96.2997717374558,4.1938408178309015,Fraxinus.usd
37.36290915426495,34.71994333452241,9.894809477016018,Blue_Berry_Elder.usd
52.00977955375935,34.579210861271044,7.255387856610732,Common_Apple.usd
44.39340539745131,80.39817399358945,11.051993177682006,Fraxinus.usd
73.54741130204967,43.767038728950276,5.655524638099921,American_Beech.usd
2.047821336339476,50.60050543799404,11.398293244139012,American_Beech.usd
10.342496471520889,99.04254931206793,18.781706939480504,Golden_Chain.usd
61.19626274425153,88.24631237109632,9.286497914407994,Common_Apple.usd
21.58382623672804,73.57925821378373,13.433171825722834,Common_Apple.usd
33.6207885550115,99.98674461789169,14.715388827362878,Common_Apple.usd
101.16593101657253,69.35425340857975,2.436257744132772,American_Beech.usd
53.02379170136657,83.13546716474536,10.7977825903479,American_Beech.usd
95.67396964093277,73.82442811298363,3.20492614536841,American_Beech.usd
53.45878674665426,84.91917864533697,10.78619451611123,American_Beech.usd
34.126050937892806,30.61672024905434,10.106965513560024,Blue_Berry_Elder.usd
53.927155727053815,48.43730698812108,10.992283128254293,Fraxinus.usd
11.841176053176605,12.475301186939685,11.252172718513453,Fraxinus.usd
16.95044221258392,0.9116409780678956,10.783061488778426,American_Beech.usd
46.61042077686572,65.4289085669529,11.377104858352869,Blue_Berry_Elder.usd
98.38539930167747,23.56323630804824,0.04693897275413107,Fraxinus.usd
13.09876413022302,2.925001986110095,11.311156232430173,Blue_Berry_Elder.usd
43.77626911609759,88.51092039879497,11.510536958732278,Common_Apple.usd
97.0110397117705,42.07057181207148,0.8488034617038691,Fraxinus.usd
17.04290932241639,84.92578743656446,15.930432710418827,Fraxinus.usd
33.739920642549066,75.57716126434106,11.7867955362564,American_Beech.usd
85.0077671379529,7.088733175472062,2.5255727965109207,American_Beech.usd
23.02191006423277,8.812100835322044,10.859919586536748,American_Beech.usd
56.78680773793259,92.47803790982547,9.922122302509061,Blue_Berry_Elder.usd
50.63261869833036,85.84788728980313,10.79423783578786,American_Beech.usd
2.5553374935634134,32.178238554184304,9.149509970376187,American_Beech.usd
39.68000103073895,7.035485226541556,8.718685478662163,American_Beech.usd
90.76590248676315,37.25261531662617,1.4524072670273755,American_Beech.usd
31.353362150438173,95.75153394124959,14.202754671501294,American_Beech.usd
3.6603899821466106,100.44298718560353,19.553293107105404,Common_Apple.usd
11.585363565753008,38.840014125814555,9.319570627262806,Blue_Berry_Elder.usd
61.431144542011644,84.98497924625799,9.09079395132564,Common_Apple.usd
54.07067257195804,34.78346508821684,6.781330690455107,Common_Apple.usd
71.11909828474195,56.70337306510841,7.066886227201751,Fraxinus.usd
96.16935973156681,39.90328988239854,1.082754421067328,American_Beech.usd
23.75624830995029,57.99300504672879,9.759982055448997,Fraxinus.usd
68.96866831123874,54.82030015962641,7.838847841642569,Golden_Chain.usd
27.500509024063682,49.89776935600651,9.563501436478568,American_Beech.usd
30.739908628385137,90.12016953338949,13.727601492071242,American_Beech.usd
19.030706224125705,52.22520383587854,9.876010148166667,Fraxinus.usd
74.93907678021131,14.693243574110978,3.4264751389946135,Blue_Berry_Elder.usd
92.67799913358603,81.5507829100485,3.093611006641137,American_Beech.usd
72.55108002371475,71.51423386121591,7.013122680814254,Common_Apple.usd
54.454276931322305,1.5646872092986517,4.343775537115261,Common_Apple.usd
30.469121570116886,9.798383395516742,9.702894588546254,American_Beech.usd
27.013440278920616,13.705255737691568,10.681027291937028,Common_Apple.usd
64.28803104373925,4.229906445981462,3.8720906847579064,Golden_Chain.usd
57.63480364372273,2.5971104744944737,4.311496382925101,Golden_Chain.usd
92.1837292768676,17.64573540212336,0.7488654271493024,American_Beech.usd
33.48543492391769,73.35110729436397,11.63716054047833,Fraxinus.usd
7.615213629932998,50.1592303513432,10.450880673829852,Blue_Berry_Elder.usd
15.992692989823558,56.553010489316435,11.534522275279741,Fraxinus.usd
39.553409986825095,41.44285338687554,10.10179604668942,Common_Apple.usd
46.72920441054481,48.75933828324216,10.898277856197486,Fraxinus.usd
32.70121446825799,101.5629297123296,15.20618153196646,Common_Apple.usd
45.396986483507376,76.91193426095437,11.019757614691517,Fraxinus.usd
20.865383306713206,42.0349899879026,9.302471662736092,Golden_Chain.usd
94.13440497789696,55.66042758134972,2.7681797400914103,Blue_Berry_Elder.usd
67.89308810557671,101.87550544205084,8.3953588069065,Fraxinus.usd
31.766886129687787,6.6076706571138155,9.602026839707246,American_Beech.usd
56.992542867667865,96.58776082110705,10.062949815367206,American_Beech.usd
53.803045864994615,36.83422432619421,7.295767360877371,Common_Apple.usd
96.98362913537837,2.332261800396256,1.2308847198050081,Common_Apple.usd
38.78754311653512,2.9219832377573924,8.813621847454488,American_Beech.usd
82.2301967206199,86.17418780304048,4.717322593465603,American_Beech.usd
2.5098707275575514,69.26705404211611,17.08622159284744,Blue_Berry_Elder.usd
92.31627926810485,75.44200852161244,3.6440621271202582,American_Beech.usd
17.451146599427336,54.40538677277818,10.317999466288105,Fraxinus.usd
7.622484151284746,38.66551041333995,9.28478170066629,Blue_Berry_Elder.usd
64.52204519425712,81.07888408556377,8.68492352900139,Common_Apple.usd
95.83977138766492,63.653245389071635,3.0983671993505175,Fraxinus.usd
54.15230113898563,85.02875600326726,10.682868261228418,Fraxinus.usd
74.02193291615986,79.52571647339639,5.715822789335426,Common_Apple.usd
12.711470203133356,11.915604017603965,11.366070520550085,Blue_Berry_Elder.usd
96.22891532488208,88.38000035064816,2.85543996970489,Fraxinus.usd
25.09341929922741,33.207475657923695,9.547089277585926,Golden_Chain.usd
15.648250260761454,57.74148059441419,12.015074800944115,Common_Apple.usd
15.556805792523605,49.90250899649224,10.059483559589314,Common_Apple.usd
91.9147420728588,17.589248288965557,0.7517182957546649,American_Beech.usd
55.416304045588404,62.034521512307855,12.174303420129899,Golden_Chain.usd
93.17836470162885,96.0678633960588,3.2857171276360027,Fraxinus.usd
31.114271014118188,95.81546678358978,14.244238557074201,American_Beech.usd
39.76791678751066,49.380213369166704,10.308025511688431,Fraxinus.usd
17.08830767136625,64.83972252242134,13.24190586581592,Fraxinus.usd
20.225138434764432,42.5991241412989,9.317479992460317,Golden_Chain.usd
74.05572244075425,66.71813297067271,6.854591473898058,Common_Apple.usd
94.94983126630213,28.104515148994658,0.5340047514339102,Blue_Berry_Elder.usd
34.16036995354756,99.65824429023328,14.650979101262754,Common_Apple.usd
43.15274095576103,88.18763134824188,11.5502413494542,Common_Apple.usd
25.87259350028472,27.36972607201633,10.023598520264107,Golden_Chain.usd
90.08858747554368,100.73267671880423,3.9693311443617496,Blue_Berry_Elder.usd
63.498480211016236,72.18378334342538,9.682588628903233,Blue_Berry_Elder.usd
19.093860194908828,83.39760800393317,14.082216580984014,Fraxinus.usd
28.92637268233158,13.74513510451265,10.218485411206787,American_Beech.usd
94.60447021787122,17.193902832367908,0.3429742767243615,Common_Apple.usd
37.405373677760636,41.74298807679122,9.979524229222061,Common_Apple.usd
93.50380718347647,12.784374029102471,1.0087860079397473,American_Beech.usd
40.94453871654635,87.29086684767861,11.36115214674501,Common_Apple.usd
42.17196410633804,33.34687302200561,8.594244008115577,Fraxinus.usd
46.13597153188295,79.95572274297909,11.007813742795346,Fraxinus.usd
87.09042545878822,39.11373732484629,3.0986787409324346,American_Beech.usd
27.303271938933804,86.56334866519515,13.691763727275017,Fraxinus.usd
10.458924014661433,54.51217944637554,11.18806837940222,Common_Apple.usd
31.554244765544766,93.40007549433811,14.037393165896251,American_Beech.usd
48.560126123485524,14.581213130509349,6.402768195546608,Fraxinus.usd
80.0764148359921,50.35801710872411,4.858739756355051,Blue_Berry_Elder.usd
31.244404629810067,76.38286319545948,12.123571869342681,American_Beech.usd
79.7169516301915,37.58258621072176,4.187129905153965,Common_Apple.usd
45.24603479729459,82.77393028426822,11.076202445480318,Fraxinus.usd
90.14479893630461,57.03604823871289,3.616317144964998,Blue_Berry_Elder.usd
11.931579201141355,11.758471414914952,11.281390054299385,Fraxinus.usd
57.52772428488487,37.36461692315047,6.930328928268766,American_Beech.usd
86.60642320223238,67.59979727197458,4.691432512494839,American_Beech.usd
12.618435036227838,52.62767442788678,10.420434318885526,Common_Apple.usd
75.02095537416264,90.62713840478108,5.955949118205733,Fraxinus.usd
43.53195365892954,38.04094928793958,9.78410889050997,Common_Apple.usd
6.997080713511146,29.72843886041912,9.282250886599416,Blue_Berry_Elder.usd
35.87394040817743,8.362814772272047,8.920816164685757,American_Beech.usd
43.67836388570177,31.371996608045983,7.685571340951317,Fraxinus.usd
70.16680002748356,100.34919638835586,7.411626051148564,Fraxinus.usd
39.99680252311025,31.014897191414036,8.224965515434453,Fraxinus.usd
79.85928391568393,17.80382230740061,3.055555441946412,Fraxinus.usd
66.56874468415204,89.23709258820143,8.247990441433728,Common_Apple.usd
97.25815002711822,55.95809122853229,1.9306122072841365,Blue_Berry_Elder.usd
56.060368369808835,68.763437188453,11.634758791172,Common_Apple.usd
85.13081237811811,75.38582469816758,4.290267649463006,Golden_Chain.usd
50.315881514763184,13.921924191196933,6.185369244536722,American_Beech.usd
100.65230409148899,55.32719155099717,1.9134957623658795,Blue_Berry_Elder.usd
101.41803175770175,68.10605610658136,2.373042864416176,American_Beech.usd
26.861706348582064,95.9432817336792,15.757048680714185,Fraxinus.usd
83.5119981511312,46.38297029688974,3.5673751847005275,American_Beech.usd
20.2518357802459,100.00058088173238,16.116311036789117,Fraxinus.usd
81.53926479106309,93.57693261315312,4.661803127204379,Fraxinus.usd
24.248995889158696,58.66560831239888,9.749586092127664,American_Beech.usd
31.827172413642838,93.09852532297634,13.995500630564191,American_Beech.usd
100.99912516868153,48.86645832953165,0.757752204934712,Golden_Chain.usd
25.03878308642043,43.670497993222675,9.286289880216808,American_Beech.usd
16.64023503061538,65.13581314507806,13.321309051125532,Fraxinus.usd
64.59440653497313,34.41538767950377,5.995262856832383,Fraxinus.usd
26.845680888385804,9.081161123984884,10.325320512082735,Common_Apple.usd
74.310632566015,79.4264737717327,5.709521792648151,Common_Apple.usd
94.17602688530997,52.33802038763521,2.7057125412628706,Blue_Berry_Elder.usd
47.37048597847861,74.68986165061014,11.087683871253612,Fraxinus.usd
60.64522261586594,60.92966187295842,11.269691645769432,Common_Apple.usd
73.36903862333608,28.13411375520637,5.163302766880735,Fraxinus.usd
26.078849424961412,14.353537969012292,10.890950923425073,Common_Apple.usd
44.56469128426708,87.75967229699256,11.309276618120517,Common_Apple.usd
22.790764343327364,9.427418515324147,10.922686551735248,American_Beech.usd
56.75935509330127,98.27961312518833,10.073437358576722,American_Beech.usd
91.65485118865959,47.05356600339166,3.050866618611762,Blue_Berry_Elder.usd
96.70205985334707,89.66960853899204,2.869829667351877,Fraxinus.usd
101.19931616939665,88.68677874042962,2.7083542232964612,Fraxinus.usd
4.443456585326646,55.05528166748209,12.109092777166877,Blue_Berry_Elder.usd
34.63163086628573,65.83839585815176,9.907430755816405,American_Beech.usd
27.48268158890238,66.59642727978888,11.196647934450409,Fraxinus.usd
47.747383127769204,93.32217936193427,11.208226074095673,Fraxinus.usd
48.288548472325594,34.02193069917178,8.008299856154684,Fraxinus.usd
31.05751170008252,4.629182438411591,9.661130969816261,American_Beech.usd
54.2714195558649,76.84530501140138,11.026485867303371,American_Beech.usd
73.25841438511138,9.056214873101103,3.259592793160354,American_Beech.usd
25.381787571576215,90.93740263058594,14.490803529396324,Golden_Chain.usd
83.91726643171417,101.39231105543162,4.263404077605979,Blue_Berry_Elder.usd
20.017238570099956,56.164221078236814,9.835030672260444,Fraxinus.usd
29.393062467218513,17.94239019093836,10.577320782725588,Golden_Chain.usd
1.7641534776435241,68.77680894818295,16.927843475295454,American_Beech.usd
85.99267881090498,36.6859746117845,2.9182362775289894,American_Beech.usd
44.106914236396335,71.45047645794038,11.111213867834888,Fraxinus.usd
25.42014901109151,37.19324949783259,9.384879284495218,American_Beech.usd
88.0311301355093,41.91170534022883,2.788754126020184,Blue_Berry_Elder.usd
69.52955927187556,-0.0401938368277186,3.502495916173654,Fraxinus.usd
18.935063564716334,60.17604791815903,11.180009124911521,Fraxinus.usd
74.88059255413748,53.43771512054998,6.316962892985165,Fraxinus.usd
18.423162445231497,9.454844147947684,11.642070824093622,Blue_Berry_Elder.usd
37.313432939205896,47.25117836136955,10.264405632226836,Fraxinus.usd
9.655958574664563,47.328564092993076,10.023283210545642,Fraxinus.usd
5.789655690713736,91.13051902675483,18.52932395116407,Common_Apple.usd
44.54144654193661,88.03050726259822,11.322219683428997,Common_Apple.usd
32.11398796388717,6.380850880336776,9.56074948618759,American_Beech.usd
35.20337401137989,68.2058430383836,10.094565233629154,Common_Apple.usd
64.20479737234523,98.97390636127697,8.979322302291877,American_Beech.usd
28.859563157313765,17.24934655444344,10.548218186441101,Golden_Chain.usd
72.94020854890043,91.51945250309687,6.383891552432971,Fraxinus.usd
22.971281823092998,27.384345860181046,9.816379062440065,American_Beech.usd
97.40703255158822,83.8989101485046,2.654638516901321,Common_Apple.usd
21.619077547629008,50.785298158634696,9.61611550826065,Golden_Chain.usd
87.77363096237431,80.15544091917681,4.018372099566043,American_Beech.usd
68.50164681004765,43.93567907120485,6.745038201556029,Fraxinus.usd
28.599174662232244,1.4326687259512247,9.873446692125997,American_Beech.usd
20.869194558529802,100.067288017509,15.905691906249405,Fraxinus.usd
88.24163183576641,46.829727057981316,3.4690491700972275,American_Beech.usd
23.119372821917487,43.468771560291835,9.307041018966338,Golden_Chain.usd
27.655017462938787,53.71198151503273,9.719215642621512,Fraxinus.usd
45.37310263546687,87.41423571493439,11.132191803138122,Common_Apple.usd
59.7671929805712,80.44754231574238,9.163252088405848,American_Beech.usd
47.84364320991193,94.06691432078907,11.294146925797419,Fraxinus.usd
3.300445813594945,96.77737244845582,19.474110690758984,Common_Apple.usd
35.49932135966987,101.30134469249384,14.59834185089377,Common_Apple.usd
38.49393169743451,45.63379303197461,10.126433353917003,Fraxinus.usd
34.96985299663017,77.86613062737148,11.845184334642596,American_Beech.usd
48.828245418695836,39.43019902629625,9.288353952747515,Common_Apple.usd
69.67342983914179,80.98766382882361,6.965103934535182,Blue_Berry_Elder.usd
40.81738246393284,38.63122994091665,9.864813113356337,Common_Apple.usd
34.052627338090325,11.761559939146235,9.29467763119042,American_Beech.usd
35.639569417118636,35.13249629020366,9.743033279758095,American_Beech.usd
27.86628043308552,95.12452879575082,15.431496680589147,Golden_Chain.usd
95.29922888679451,63.51688757435725,3.31179465061653,Fraxinus.usd
9.830707919134918,32.332434243471425,9.247998205062231,Blue_Berry_Elder.usd
45.671252208734174,80.2192359087303,11.0207400436419,Fraxinus.usd
71.01291259282583,81.97754789876188,5.852601527615829,Common_Apple.usd
97.38838883320403,1.1671112422150853,1.2425712246881597,Common_Apple.usd
60.03108895264975,81.10115026115686,9.14131086551351,American_Beech.usd
56.52475131341262,62.64069413523182,11.870969079264807,Common_Apple.usd
55.45171678486502,72.01833042902366,11.560892591543505,Common_Apple.usd
25.089694099883577,27.7072412118487,9.848411919150161,Golden_Chain.usd
25.586794635312792,79.63578500901137,13.52947790985143,Fraxinus.usd
85.09896928958199,3.2103338843413987,3.018603434095717,American_Beech.usd
67.51416616599877,8.198713992108722,3.6029431912597216,American_Beech.usd
16.276257927524576,66.33944307263796,13.625952471559788,American_Beech.usd
57.44381440279007,66.84635003727074,11.585217450969902,Common_Apple.usd
66.59613688133162,85.78762753294318,8.295554543380034,Common_Apple.usd
75.19552098959225,80.56357691471162,5.724158218666732,Common_Apple.usd
58.94308338343776,32.33781953911835,6.134174205440204,Common_Apple.usd
48.10051001493425,7.263789318549882,6.158377790600685,American_Beech.usd
49.53712870770503,52.204225060665635,11.94898471224922,Common_Apple.usd
78.68097035171695,11.596564101449436,2.641555509221994,Fraxinus.usd
87.12319137819561,-0.011471035932621332,2.716686075222156,American_Beech.usd
93.62558599250184,47.49903332791363,1.1523493137181935,Blue_Berry_Elder.usd
70.58346458769488,1.157124442781696,3.4993834234335606,Fraxinus.usd
76.37109693685096,4.320572711225328,3.0074718980842454,Blue_Berry_Elder.usd
31.670096677890218,39.815260262524454,9.421638970587018,American_Beech.usd
10.837610840969072,9.650563659076552,11.08125103249958,Blue_Berry_Elder.usd
98.60889435034119,49.81135854273597,0.8809519777064396,Blue_Berry_Elder.usd
12.061626753383692,50.833567263714656,10.3585214495381,Common_Apple.usd
67.82303309083014,74.1890317779644,8.478993861343005,Blue_Berry_Elder.usd
31.205369289446306,91.6563376846478,14.025391151389401,American_Beech.usd
11.686763171547254,51.77812143446637,10.400770531251654,Common_Apple.usd
73.76111847115598,44.81736871393785,5.614317691937001,Fraxinus.usd
100.68342986356305,49.50916325014702,0.7962542138553249,Golden_Chain.usd
30.155360364788518,77.19248282605764,12.150399255065613,American_Beech.usd
26.674094733214673,52.030383184127835,9.753301870806421,Fraxinus.usd
68.11767529024944,76.78703914954663,8.239176506555742,Blue_Berry_Elder.usd
9.356906293288395,97.78676412471536,19.19013817082843,Common_Apple.usd
38.3759661163163,49.58867162580471,10.240892704864283,Fraxinus.usd
92.5817721449026,55.867471600508466,3.210456516437573,American_Beech.usd
81.56001031082258,72.06249446863782,5.028004822829988,American_Beech.usd
101.00084969452978,50.032736901601034,0.819919286718425,Golden_Chain.usd
19.865510515706813,43.47548199194401,9.34125784571163,Golden_Chain.usd
99.29213713594368,82.96785924680344,2.5268762769358775,Common_Apple.usd
85.93761199706344,80.44698114537974,4.133092752184652,American_Beech.usd
2.6176017615368097,49.25132508234513,10.974787728430613,American_Beech.usd
23.722518188436563,33.34253351719061,9.570461153226793,American_Beech.usd
78.39032378528007,72.3317255929838,5.623960248157489,Common_Apple.usd
29.593012141646433,42.713656496141596,9.373739340278362,American_Beech.usd
27.61410734701997,95.02641517188843,15.432198984838399,Golden_Chain.usd
50.0037541268531,34.186938362886345,7.368630751877188,American_Beech.usd
99.98064469138006,90.10721757540014,2.7953207784200615,Fraxinus.usd
2.4372618981288863,54.23847885758056,11.692505372913141,Blue_Berry_Elder.usd
30.555198942272632,39.8115184392822,9.420213839948786,American_Beech.usd
9.697048443103345,63.190281160260305,12.8853852396027,American_Beech.usd
9.944957343420244,95.48774707716395,17.866577521032344,Common_Apple.usd
94.13274734445399,16.707529549680544,0.40142736964917536,Common_Apple.usd
18.595352672915514,54.70528662134184,9.874593521234075,Fraxinus.usd
41.23887976879531,67.86453616566938,10.651179687256565,Blue_Berry_Elder.usd
39.9588625109232,86.99757187072221,11.378934814021896,Common_Apple.usd
32.45795807790689,92.50603340386584,13.759629186899742,American_Beech.usd
32.15875844051415,69.6836577209603,11.523206926722587,Fraxinus.usd
98.34719797825178,47.64611355566799,0.7513840553048636,Golden_Chain.usd
22.215873471751824,57.47726551284129,9.7632049639904,Fraxinus.usd
89.86313746634175,80.68391715383646,3.7002888436208417,American_Beech.usd
58.07145212503075,101.11831095794955,9.791870096998295,American_Beech.usd
49.48138372108958,35.77139344369479,8.045780349389663,American_Beech.usd
26.517383966501693,92.49961914456627,15.216296735908568,Golden_Chain.usd
77.27498647126205,80.87814276959944,5.5186639559971775,Blue_Berry_Elder.usd
45.058786372224816,37.21257950284854,9.426723165410424,American_Beech.usd
15.193017577351863,49.4207808420651,10.05737291220287,Common_Apple.usd
92.26853383877777,47.62500592770715,3.0460760742083672,Blue_Berry_Elder.usd
6.708677528252044,15.618863682608895,10.051694878967863,American_Beech.usd
45.735046213252865,7.268881693615053,6.36070742466445,American_Beech.usd
39.54332516970837,80.83609227016838,11.421638386711837,Fraxinus.usd
32.27417648542206,88.7994882724524,13.465513079019892,American_Beech.usd
38.88285541766444,101.07694118670732,13.521630348381532,Common_Apple.usd
19.915067525504742,52.7750653062031,9.848695685925748,Fraxinus.usd
71.78823515412452,2.0530082663897637,3.4918292265991018,American_Beech.usd
100.2418659707203,33.43841104041004,0.4440892625576905,Golden_Chain.usd
65.75040260407074,71.52800078563492,9.53534264758935,Blue_Berry_Elder.usd
85.04258570281387,95.22213708239263,4.190687777858181,Fraxinus.usd
95.4663222959141,41.30497495519519,1.2153986305082398,Fraxinus.usd
5.240486242071206,15.249230554330866,10.047729468757778,American_Beech.usd
79.78967526329414,46.86392327934644,4.66005245501364,Blue_Berry_Elder.usd
49.66759817265416,76.90302656695437,10.926934864415735,American_Beech.usd
13.237821109685154,101.62481018054866,17.16182177833137,Fraxinus.usd
24.409864685834183,19.37719810938221,10.722460193488994,Golden_Chain.usd
64.00755961096408,64.05698537793585,9.429486402756085,Golden_Chain.usd
31.298928607916686,67.24232074884695,10.313645648020069,Fraxinus.usd
69.27203111948654,42.23970073709538,6.173949260891548,American_Beech.usd
69.66085848400881,73.62833432237113,7.935570629853876,Blue_Berry_Elder.usd
95.58560878926586,43.98318536884543,1.1319440917717034,Fraxinus.usd
8.253471199190416,31.92823302489805,9.220603962926639,Blue_Berry_Elder.usd
1.576526269904825,74.45699768902193,17.540231471791103,American_Beech.usd
73.9664069436199,41.61923285084117,5.581306141464315,American_Beech.usd
89.88289407292802,36.43777789866193,1.5992423134230316,American_Beech.usd
100.71821253726031,27.799579453109324,0.32026792245401475,Common_Apple.usd
7.52613043258352,47.67957223862425,10.441866421749904,Blue_Berry_Elder.usd
6.628750705180077,23.068206386184844,9.753544972463462,American_Beech.usd
66.37665323869244,25.410488616573904,5.0988183894984695,Common_Apple.usd
4.031332558776124,29.241446469813027,9.200590068174535,Blue_Berry_Elder.usd
59.799591445715734,84.71331267051112,9.139678050623752,Common_Apple.usd
73.20170558184218,58.64254895275756,7.02330281651266,Blue_Berry_Elder.usd
44.656913751930055,34.87618325283563,8.714949923058077,Fraxinus.usd
47.31661354038832,74.05492591764701,11.100737075488613,Fraxinus.usd
9.469593217877083,10.167235451265316,10.977732599622055,Blue_Berry_Elder.usd
88.36399144052156,42.97412791440143,2.7768835419628166,Blue_Berry_Elder.usd
1.0781075327146916,53.212186688275374,11.487388978524383,American_Beech.usd
57.52966228442068,36.22950932654722,6.712249698603791,American_Beech.usd
35.915808693701834,28.009861524780934,10.219202846674156,Blue_Berry_Elder.usd
29.41261070859144,9.075190738975033,9.756886423655994,American_Beech.usd
4.779170901199426,44.92466718939411,9.235542677108056,American_Beech.usd
86.35438897054497,69.80505206483595,4.337331168377441,American_Beech.usd
39.90651007409126,73.89762645497385,10.899009907651449,Fraxinus.usd
19.66835068658712,2.886806284695334,10.8781170648451,American_Beech.usd
36.94671930661587,43.307327756254736,10.002901720701887,American_Beech.usd
46.50071364910292,63.26296649390712,11.623232372141283,Blue_Berry_Elder.usd
38.187226127340075,3.569064258770217,8.802070912049084,American_Beech.usd
92.79070367703768,57.605581352397984,3.517263874828987,American_Beech.usd
33.140893720040005,31.75361623663146,9.922966180581964,Blue_Berry_Elder.usd
37.75646701355686,78.75949176117797,11.451517505856659,Common_Apple.usd
81.57486564641864,101.09573403117558,4.475610641973743,Blue_Berry_Elder.usd
33.24215855526945,27.953599670454253,10.401096217594835,Blue_Berry_Elder.usd
19.663462194669282,61.71554058374012,11.229991818331193,Fraxinus.usd
84.81209848631265,90.44756725851373,3.886158742660906,American_Beech.usd
95.07496449210232,56.44593173062881,2.0050626504775866,Common_Apple.usd
83.85171420976044,93.67202884724882,4.194293021117441,Fraxinus.usd
61.925699060880085,80.95724444573548,9.049293423135852,American_Beech.usd
55.07603301324891,101.61245334941793,10.710167653138424,American_Beech.usd
32.92423489015953,66.855215189883,10.17893769330913,Fraxinus.usd
71.76547499312284,42.35756515529037,5.943753485277904,American_Beech.usd
6.243485609139064,69.47461857769973,15.63934004421651,American_Beech.usd
71.17608357556912,98.21808068639861,7.306538163647152,Blue_Berry_Elder.usd
21.05147231040846,72.2799109003295,13.80971972025129,American_Beech.usd
34.06055851601068,68.68756835773986,10.39744199131479,Common_Apple.usd
40.831604053429935,73.13138005743141,10.905385827686125,Blue_Berry_Elder.usd
15.778381153316525,3.1441212018035616,11.131159453587566,American_Beech.usd
85.13216171447087,56.71098477351,4.622413565187021,American_Beech.usd
24.261034488697742,90.67057364949314,14.49736071001484,Golden_Chain.usd
85.80897377421238,74.72823834696955,4.009572209573931,Fraxinus.usd
55.693470512041976,94.46793284771408,10.285883808452281,Fraxinus.usd
41.568692484486185,31.692685349873628,8.35200437517078,Fraxinus.usd
46.32992798761978,96.39358920520557,11.874423353521196,Fraxinus.usd
76.38435497923274,13.423720571936187,3.15196591330516,Blue_Berry_Elder.usd
30.794869199882157,90.31577342802971,13.727723800205123,American_Beech.usd
38.07465074751726,68.41066151730575,10.131433424119002,Common_Apple.usd
42.5840400273291,87.47833030915866,11.378775847308113,Common_Apple.usd
89.90790404719223,82.63108647922587,3.748274234586934,American_Beech.usd
59.57740399467802,84.69024538763352,9.145509312184014,Common_Apple.usd
73.03565444313848,46.66678378775171,6.271956266059398,Fraxinus.usd
68.4296144275395,43.40270594608277,6.770192230540793,Fraxinus.usd
14.57737355857222,39.04169014588019,9.292301913596683,Blue_Berry_Elder.usd
14.50928183463808,62.18630351698408,12.345736176239235,Common_Apple.usd
2.2909275923806898,26.57034307253536,9.37180944441484,American_Beech.usd
46.71140168331111,65.68523027324117,11.361959537074044,Blue_Berry_Elder.usd
20.175772198287824,72.81736317240764,14.271855096837722,American_Beech.usd
92.57488328498604,28.50009546928489,0.6552101053412736,Fraxinus.usd
57.19193524118856,88.69130509525849,9.649076596722542,Common_Apple.usd
42.66003040721142,13.434315228563854,7.7355034797525,American_Beech.usd
15.733474032784036,93.95992037227111,17.10194875614689,Fraxinus.usd
63.08248644196775,65.50499988447781,10.240041895351272,American_Beech.usd
2.3095249719741533,91.41217428173428,18.861016939467152,Common_Apple.usd
97.52281360683844,89.59717928862497,2.8433069361624486,Fraxinus.usd
33.49153594591965,77.51857055966808,12.036462262938365,American_Beech.usd
15.251562041276198,3.1423858394223148,11.12961919568154,American_Beech.usd
83.31618857440871,16.988697214652365,2.5926515317559584,Common_Apple.usd
34.38590008387757,99.6229892666628,14.629779001138312,Common_Apple.usd
48.56460112278873,52.466210225025016,11.804371622978918,Common_Apple.usd
34.937784833615794,11.702384344807044,9.22638627021225,American_Beech.usd
23.455794439037938,50.620789044251055,9.656429016556757,Fraxinus.usd
79.80573389060685,97.66910703407342,5.052472504215685,Blue_Berry_Elder.usd
98.27223910410277,-0.39496450657260196,1.1398047949162282,Common_Apple.usd
3.1816194403933338,89.52920452942533,18.410630753643836,Golden_Chain.usd
54.290706739645664,46.663791145255836,10.993703962954354,Fraxinus.usd
72.05105270391559,31.40165103357046,5.492847102254813,Golden_Chain.usd
79.21666336312516,41.29054857367711,4.420538527218117,Common_Apple.usd
2.0253935031310153,57.39773442876534,12.197485338844102,Blue_Berry_Elder.usd
78.68293738765448,69.94352951137557,5.377732614007628,American_Beech.usd
7.814348590239984,28.92578577485169,9.2942153213146,Blue_Berry_Elder.usd
27.569510922357818,23.526709500845744,10.77625103529707,Golden_Chain.usd
47.855809356504295,51.04108488673782,11.457327089030569,Common_Apple.usd
43.57304592808283,85.39372814986726,11.208529094950757,Common_Apple.usd
16.687828469256136,84.3181935609602,16.117081009831526,Fraxinus.usd
47.65936386171931,51.12018643688682,11.193272901458903,American_Beech.usd
73.14002952952445,8.886880694182238,3.262624612969587,American_Beech.usd
39.51557661850931,64.89232630761158,9.914593391526209,American_Beech.usd
9.930390232699423,4.000395479988969,10.500311150344634,Golden_Chain.usd
90.56201318457227,49.481631438546664,3.538699293442291,Fraxinus.usd
35.18753406194781,73.952452038197,11.413351884792329,American_Beech.usd
36.97687467009924,42.94250445582181,10.004385794700395,American_Beech.usd
96.94733509401607,42.95215934869007,0.8397321742566453,American_Beech.usd
62.38951369231378,101.14778889686204,9.12854216721931,American_Beech.usd
50.1515230608056,30.992978207518945,6.808767855190725,American_Beech.usd
13.688231634681452,55.23378048209792,11.687350651953151,Fraxinus.usd
2.8151973511376136,99.10696340321911,19.528296653337577,Common_Apple.usd
33.06355813041167,41.80671015532075,9.523007350398698,American_Beech.usd
18.815860135042417,89.45250291378458,16.08416559054416,American_Beech.usd
16.670799397337145,41.94389857534287,9.310953374842196,Golden_Chain.usd
11.354500169345348,99.39658095674172,18.135528997802425,Fraxinus.usd
41.39423069777532,65.49253051162668,10.439789907524872,Blue_Berry_Elder.usd
6.249912535397095,72.06695900314857,16.087290922794047,Common_Apple.usd
29.720834718293496,47.47758694061078,9.442322897662915,Common_Apple.usd
14.060792689265318,34.26146903940118,9.275589430843832,Common_Apple.usd
26.557255278105274,65.11123060772408,10.68739799044604,Fraxinus.usd
85.92644302045144,1.4249130331937916,3.0352107293716033,American_Beech.usd
46.729334853706334,46.99808489081826,10.686741259495433,American_Beech.usd
49.62908262189226,66.75419986081427,11.345187113234315,Blue_Berry_Elder.usd
46.46615738343073,43.274659765899635,10.447861658810478,American_Beech.usd
75.35695618588576,72.5710283734166,6.5488729078018215,Common_Apple.usd
26.96765294234756,93.36408923876627,15.307835018050945,Golden_Chain.usd
23.776173357098976,19.555563887990864,10.687835098315961,Golden_Chain.usd
34.394196773270494,101.03235223311212,14.676841469353532,Common_Apple.usd
3.742674160573338,34.85227753511147,9.128117248249643,Blue_Berry_Elder.usd
46.08623614126185,37.59033577199135,9.3783952769159,American_Beech.usd
94.28041129202441,55.451805370363594,2.7488115811881295,Blue_Berry_Elder.usd
98.99287238424147,72.8634602791348,3.1678835491026973,American_Beech.usd
27.11915866233171,29.023039081660226,10.110221547905736,Golden_Chain.usd
94.47839826336195,51.845018884373175,2.612500655896317,Blue_Berry_Elder.usd
78.09188280310718,83.21676986279536,5.533957604121296,Common_Apple.usd
76.48283533561073,14.422241339866835,3.150134587755336,Blue_Berry_Elder.usd
43.028037315832336,34.88207338356351,8.98726454128722,Fraxinus.usd
101.0736490176085,13.156903669941556,0.12200419630487265,Common_Apple.usd
29.106667904831802,86.94112458398139,13.234390876758289,Fraxinus.usd
79.6977905748847,78.25050552637032,5.206708008621943,Golden_Chain.usd
73.69383682894761,79.40528061362285,5.716179090194319,Common_Apple.usd
22.680931252814347,72.61988870486582,13.305198711655148,Common_Apple.usd
29.66227341644957,21.329971392222063,10.798164288702598,Golden_Chain.usd
44.356386703943826,83.77751358116625,11.108466142019681,Common_Apple.usd
88.75952159819701,1.9712689335178932,2.041398423724878,American_Beech.usd
86.3297349640388,99.68302947281057,4.210986529856636,Blue_Berry_Elder.usd
19.202650392348385,59.539705655898274,11.041850053579244,Fraxinus.usd
4.4878283148637435,30.570173386950778,9.195568047449312,Blue_Berry_Elder.usd
40.32402291688397,7.018115508940448,8.678506959106684,American_Beech.usd
33.30135725164967,42.53759209604266,9.613401877144797,American_Beech.usd
35.25632629819994,72.92950717013122,11.120246349010985,American_Beech.usd
59.34735173956454,54.28956083262534,10.349218167175852,Common_Apple.usd
21.53771024865593,50.23032298608943,9.598898811839609,Golden_Chain.usd
11.662804129035147,10.304640354201673,11.144152860959469,Blue_Berry_Elder.usd
85.64546100038028,63.57598839403189,4.705543360560896,American_Beech.usd
97.19679236971062,96.83449830545017,3.243527113703082,Fraxinus.usd
27.21676271572304,18.505801869582275,10.71041380286588,Golden_Chain.usd
90.77586131314686,37.83242204198523,1.4559562071615726,American_Beech.usd
48.21172244846541,52.46864351515156,11.79848872784438,Common_Apple.usd
30.121821684478743,15.448807227663016,10.514189975213068,Golden_Chain.usd
64.7478346171959,85.81284861244987,8.84059714531188,Common_Apple.usd
83.23475458412567,15.805504577472819,2.30735254494726,Fraxinus.usd
85.76776449482553,45.169925633069525,3.404899950311022,American_Beech.usd
89.6232257517452,8.89293874253512,1.6590890361863055,Common_Apple.usd
24.425668713929504,0.5168163741133702,10.060290354605803,American_Beech.usd
43.67244945764701,33.42133704764874,8.345609357520788,Fraxinus.usd
97.45582760551028,90.53922935605765,2.8673280318926118,Fraxinus.usd
95.04176336431668,18.402029163981574,0.23360909150627823,Fraxinus.usd
34.646754762821224,30.985401943210775,10.026376996706912,Blue_Berry_Elder.usd
99.70679674755013,93.75324999738581,2.879377998571935,Fraxinus.usd
17.32053295341149,54.636952701405654,10.33651967182788,Fraxinus.usd
39.65918580973058,78.63845884494994,11.176450524125555,Common_Apple.usd
33.60312404729706,5.76839188020591,8.965204424359406,American_Beech.usd
12.53016550353037,16.257119722979375,10.419657097008633,Fraxinus.usd
32.65992032088153,96.51342023189352,14.35402618414642,American_Beech.usd
35.827301580921386,46.19791729688345,10.030627087640989,American_Beech.usd
70.07944574911573,43.62865302081829,6.49219757637871,Fraxinus.usd
75.64156185760461,42.7705059657525,5.137147717674662,American_Beech.usd
83.0697211616223,16.329568398964316,2.611399948671445,Common_Apple.usd
90.79766321499211,45.494464261094734,2.5397226533234325,Blue_Berry_Elder.usd
91.40752857395937,46.448506141732075,2.573147258030874,Blue_Berry_Elder.usd
71.92995566280857,91.32737333087019,6.74901512407948,Fraxinus.usd
22.787909961330254,20.21956032598665,10.643959679108102,Golden_Chain.usd
17.374182065142136,58.31627163724459,11.195261070201926,Fraxinus.usd
73.81372229992243,44.61419087498799,5.5210517688259175,American_Beech.usd
2.536219413303656,52.305625163105795,11.404718478361946,American_Beech.usd
95.22166522507236,98.31101594305918,3.321845589407197,Fraxinus.usd
24.65525619964142,21.124320517921117,10.735843023364827,Golden_Chain.usd
41.62960525219376,30.931582683717956,8.082931385685573,Fraxinus.usd
73.3133136465923,45.90062161183977,5.953115884785497,Fraxinus.usd
26.077525737049637,44.16464941393989,9.297616063306812,American_Beech.usd
67.9681895963169,55.224378130442204,8.440314163764047,Fraxinus.usd
90.31014176769592,37.31202684615795,1.4506145931700556,American_Beech.usd
7.374065415147027,8.447983860329412,10.488291877267988,American_Beech.usd
9.631336984510567,99.6038730629563,19.250711063916846,Common_Apple.usd
17.64510461505606,7.232760700919436,11.335181923163756,Blue_Berry_Elder.usd
30.44258845632293,65.66498288915719,10.168191765340318,Fraxinus.usd
26.985719640878383,47.232715245831365,9.449745513234735,Golden_Chain.usd
37.22360074080584,37.54430115283768,9.84557689770687,Common_Apple.usd
73.04265390194479,26.858067988283235,5.088862110049021,American_Beech.usd
27.11696771885779,66.30841699119135,11.176396059508876,Fraxinus.usd
49.355780881885316,30.647836637186977,7.359565509309159,Fraxinus.usd
24.122800792468386,87.4165613924375,13.99035713674649,Fraxinus.usd
89.79172011200365,23.634240456659146,1.1144425670533054,Fraxinus.usd
90.61849421604292,27.647940071155134,1.1520426940527684,Fraxinus.usd
17.329456815564324,3.1190593579407278,10.99699217926211,American_Beech.usd
65.03690744621277,72.92679967231808,9.168138744082853,Blue_Berry_Elder.usd
80.86842958369559,70.5548089119215,5.269765339817659,American_Beech.usd
26.216581032815444,38.58506588471536,9.338946850776004,American_Beech.usd
18.303414326488507,60.748678088737904,11.435228446907752,Common_Apple.usd
22.145890294929842,49.19261395401304,9.560380431424736,Golden_Chain.usd
17.25619187372292,7.189956593264172,11.346762613794208,Blue_Berry_Elder.usd
17.627998593738543,50.30874488895967,9.81256857386718,Common_Apple.usd
50.19418304501012,85.6459590985038,10.804254034205329,American_Beech.usd
4.146273900222471,57.546218378218185,12.730823070650786,American_Beech.usd
72.0980262106408,9.968353879513305,3.394720399617295,Blue_Berry_Elder.usd
66.42199382147298,69.20453727463907,9.946939090264046,Blue_Berry_Elder.usd
56.96955413324907,101.11768645893859,9.856163963299364,American_Beech.usd
22.187249750601467,51.3491500052329,9.680672446715528,Fraxinus.usd
35.722681057050416,29.36446851447629,10.198318397177307,Blue_Berry_Elder.usd
5.71519835743643,30.584840182204807,9.201028949177635,Blue_Berry_Elder.usd
45.43611408119638,40.346182878984315,9.648275744532063,American_Beech.usd
31.353016202473363,97.8191613123552,14.932321571007206,American_Beech.usd
41.94270323458453,43.461744294245044,10.170591108913216,Fraxinus.usd
56.91780602836834,68.83000355516687,11.613481131692684,Common_Apple.usd
37.34780153840851,82.46850352659607,11.848553970175162,American_Beech.usd
65.2875747932034,71.3108177334395,9.937934962182302,Blue_Berry_Elder.usd
38.19010848566619,41.069230653499375,10.099334272015888,Common_Apple.usd
17.92740970648363,55.47792879246655,10.345651940136694,Fraxinus.usd
58.04017443431984,101.96822064316456,9.796702281653536,American_Beech.usd
76.42967544269922,88.93419119695162,5.497927989112928,Fraxinus.usd
26.453500195295913,32.48495903572341,9.541164306255789,Golden_Chain.usd
18.412597367568964,52.93544812312515,9.894642940038919,Fraxinus.usd
16.700707878553825,58.16014541761476,11.25077185378885,Fraxinus.usd
20.279860408511272,9.267315888942003,11.400739272927527,Blue_Berry_Elder.usd
28.27815320908148,92.9105120659472,14.578281722009933,Golden_Chain.usd
17.16521820063616,1.490827520459267,10.798464866694532,American_Beech.usd
96.92703636955858,85.42292271741933,2.6007790190980073,Common_Apple.usd
72.4271532577693,30.636237598305826,5.401716748598129,Golden_Chain.usd
3.7248412272680778,75.80478513289866,17.543377378337343,Blue_Berry_Elder.usd
48.58633229445034,40.323230970363895,9.566893956549878,American_Beech.usd
45.68751214412322,42.93750408836191,10.41067005018798,American_Beech.usd
2.4687795746874626,36.38323867488669,9.11287077212191,Blue_Berry_Elder.usd
13.48156350305458,49.366204069428534,10.092561164066934,Common_Apple.usd
13.049133110187979,50.338564746877914,10.107582370315711,Common_Apple.usd
79.45397432068252,72.86961071282187,5.3470154775327075,American_Beech.usd
35.15175553935508,25.125520987852646,10.19562603138305,Fraxinus.usd
63.17439718107261,63.915674462291,10.913090692811133,Golden_Chain.usd
2.009136700371776,53.69213816758653,11.493517322224077,American_Beech.usd
61.390009912848946,75.7458446545072,9.314665800410708,Blue_Berry_Elder.usd
89.04931044373956,27.23510003669758,1.3982479736388576,Fraxinus.usd
32.32055103207976,36.579584865334894,9.62568755483463,American_Beech.usd
50.46233871362003,73.09118118495805,11.229014696781132,Fraxinus.usd
28.23258386791388,12.938362577609245,10.199095593073277,American_Beech.usd
93.92793106233074,54.19246306337888,2.803994994576167,Blue_Berry_Elder.usd
90.0309561056728,88.4531228613173,3.495681769753951,Fraxinus.usd
75.63173463095599,59.96338276443689,6.345096503272254,Blue_Berry_Elder.usd
85.7161352242187,65.64371995819396,4.880352254945132,American_Beech.usd
80.49675691370493,9.965108676014173,2.397527855296229,American_Beech.usd
32.76892025051155,100.89871022495281,14.838693436251061,Blue_Berry_Elder.usd
85.68597857745475,48.25963842042056,3.8526347721395338,American_Beech.usd
21.556518809237406,9.407122736516216,11.35008330697907,Blue_Berry_Elder.usd
91.0711068872235,61.848914456209975,3.7957993402297787,Fraxinus.usd
17.896647076527398,35.652101750496115,9.30278696635093,American_Beech.usd
97.76842570489282,89.22506453393734,2.8235514207826675,Fraxinus.usd
21.180070342594224,6.6064374648292725,10.816673505683646,American_Beech.usd
92.68476988295872,98.77538463574527,3.6433419321752236,Blue_Berry_Elder.usd
88.75162931570705,101.63052792060425,4.131716553271838,Blue_Berry_Elder.usd
90.49466494398001,49.23686502839198,3.5425725009270868,Golden_Chain.usd
58.30895907886781,2.419926734864042,4.296210719037529,Golden_Chain.usd
99.90462218103663,25.737488156346426,0.1529714644746174,Common_Apple.usd
84.37262035100531,7.494218796682795,2.4838985233212916,American_Beech.usd
34.60115614212513,70.83511661082258,11.168436533893368,American_Beech.usd
41.10764136395315,41.54007964421862,10.121623475309576,Common_Apple.usd
57.44803396007578,60.511984621223014,11.462198678762517,Common_Apple.usd
46.02499605221609,74.5208491035193,11.090096348947403,Blue_Berry_Elder.usd
96.59270225264197,80.27182697501077,2.90596593006574,American_Beech.usd
55.64924103663177,72.53552339286536,11.557339570173612,Common_Apple.usd
72.29009555739053,48.714893953471474,6.708803928464766,Fraxinus.usd
51.69873846058184,79.11057881367552,10.871127658358509,American_Beech.usd
92.07416471960836,17.189898309370278,0.7555960696125802,American_Beech.usd
94.17971709204448,23.69486639894588,0.2643293140560159,Fraxinus.usd
93.44128925071992,55.637638354184396,2.8667909767910547,Blue_Berry_Elder.usd
3.072738649239845,30.197726299088732,9.189835767189228,Blue_Berry_Elder.usd
24.335667550382407,71.55903278177608,12.411847357730323,Fraxinus.usd
4.043424002293085,61.983744818942654,13.553837412374296,American_Beech.usd
95.45479836997123,80.36169537556582,2.972263086525419,American_Beech.usd
86.14328159673227,56.3393157762877,4.3648775919172795,American_Beech.usd
89.72215894113126,24.51114424024437,1.1083832312688568,Fraxinus.usd
40.634973338287736,71.15566038107033,10.871285129526802,Blue_Berry_Elder.usd
85.07905741365742,67.29855024853343,4.828447597008967,American_Beech.usd
72.55010220211645,53.755676190361584,6.692638463165849,Fraxinus.usd
12.631122363924494,56.642561767194216,12.02758503223008,Fraxinus.usd
94.94744962271905,53.18916895162234,2.567906901259139,Blue_Berry_Elder.usd
53.64191106168755,87.44135127348082,10.594598210533363,Fraxinus.usd
74.87025804754086,72.96413001797184,6.581421191611123,Common_Apple.usd
83.09823220911751,94.47933731584722,4.26505609341095,Fraxinus.usd
97.7038682859944,74.17951466844421,3.075842343314141,American_Beech.usd
64.24547794849781,100.0621952385344,8.98295809081289,American_Beech.usd
85.14914458709778,99.03451479240238,4.251934552035258,Blue_Berry_Elder.usd
74.41045329927374,78.08937141067561,5.521999532558402,Blue_Berry_Elder.usd
4.2760866369760135,54.54596502319279,11.603192021665457,American_Beech.usd
8.490610412465465,98.39662155069294,19.445980105923148,Common_Apple.usd
70.64485964210725,88.00798206743899,6.623866241463946,Common_Apple.usd
35.9053652981355,67.81658570428263,10.094019332104288,Common_Apple.usd
27.298290636256905,88.6058022167684,13.902334957491133,Fraxinus.usd
81.72983683063546,47.34876947062391,4.256770562761296,Blue_Berry_Elder.usd
20.096241642872688,83.18171261614539,14.055373552510206,Fraxinus.usd
89.00863326796974,85.58836261190982,3.5098350242258674,American_Beech.usd
68.18832266511986,-0.8122532344268951,3.5510090149999525,Fraxinus.usd
99.67350212188335,54.066105484281046,1.7852223721490499,Blue_Berry_Elder.usd
31.864799970512006,93.30590256915018,14.000771280642512,American_Beech.usd
3.3755847413227364,25.777485414039838,9.471050997075174,American_Beech.usd
92.34324661112646,46.155126878339,1.6766571131406627,Fraxinus.usd
36.963726202616144,61.37382845245888,9.760758408570172,Common_Apple.usd
20.00767803519863,99.11936640826708,16.130151012454654,Fraxinus.usd
16.125669373868547,45.20062266035341,9.692025030571758,Fraxinus.usd
23.390811713378156,20.068777991649252,10.66718178494308,Golden_Chain.usd
9.889436295922579,100.40391166275016,18.88787451985474,Fraxinus.usd
62.881975068476386,100.95186604892533,9.095209538643758,American_Beech.usd
18.950468500518706,66.0652313349884,13.448496895835904,Common_Apple.usd
82.72521300735143,92.05263935782115,4.374359921453359,Fraxinus.usd
37.98591419627533,9.096201415474903,8.814686253711907,American_Beech.usd
69.33990905928519,50.07827223055912,6.942757679482804,Golden_Chain.usd
56.95910068032003,39.13341719414292,7.072342051256884,American_Beech.usd
16.261636500024128,42.97658618920207,9.37967338060398,Golden_Chain.usd
81.1092424371801,46.313000236433176,4.283974598530006,Common_Apple.usd
83.2336995267718,47.2016563212802,4.1446173322731825,Blue_Berry_Elder.usd
98.45909006888893,91.2926666516997,2.8602781388062746,Fraxinus.usd
96.36285943431857,97.31768302779703,3.262966604948046,Fraxinus.usd
73.54973837012122,48.50001170352162,6.2615505896151795,Fraxinus.usd
75.41600849010294,15.401379710938246,3.376562952771089,Blue_Berry_Elder.usd
96.30940557341341,97.11451936722173,3.254078476247847,Fraxinus.usd
24.71029091068952,39.09317764201983,9.31468656254772,American_Beech.usd
93.57232794501263,83.12024232080176,2.8282775277821375,Fraxinus.usd
30.31191864021042,95.67608149023668,14.482778786145705,American_Beech.usd
23.271874181715813,44.865082074141675,9.320703060764501,Golden_Chain.usd
71.06874486902616,89.38212801868933,6.786811632425916,Common_Apple.usd
92.11934078839408,18.381443598722765,0.592279901433468,Fraxinus.usd
51.43058273693865,65.57645407222613,12.07524818548634,Blue_Berry_Elder.usd
43.02028210265246,37.466584219269535,9.75978856846103,Common_Apple.usd
90.34559896661398,46.93565550853199,3.044455444676587,Blue_Berry_Elder.usd
81.30147042731346,91.67722528737946,4.932515036703928,Fraxinus.usd
29.180944743303478,17.074895517556207,10.521413449438239,Golden_Chain.usd
70.08822375287487,41.31106865128636,6.146119932068751,American_Beech.usd
90.26313999570725,83.10091604163645,3.7465733974754287,American_Beech.usd
5.1353715541980955,68.32366569584366,15.482522442640018,American_Beech.usd
57.407307102103,61.13098044750066,11.598353164145424,Common_Apple.usd
43.741755897435176,32.797646323465976,8.269986164960136,Fraxinus.usd
95.96802579813937,35.54851373799837,0.8624105851786548,American_Beech.usd
88.27505503532268,2.0475247563861414,2.0702815395314986,American_Beech.usd
33.50417601828286,101.95276502552768,14.786413318982165,Blue_Berry_Elder.usd
44.59848915601849,30.598249152114256,7.654260249909743,Fraxinus.usd
76.81910806449993,45.357921094693125,4.737856381665362,Common_Apple.usd
23.653425018511058,72.93016711979297,12.869238280460548,Fraxinus.usd
35.076177554791684,68.86012033092734,10.37479472240785,Common_Apple.usd
73.45125897654064,2.409542459114725,3.306568092543983,American_Beech.usd
66.2770230753494,80.6927646248676,8.362541276664423,Blue_Berry_Elder.usd
85.03885875648288,27.298708564333143,2.9036763215436774,Fraxinus.usd
58.686048511528725,102.11559386803806,9.770313320882922,American_Beech.usd
64.02397798268642,4.265555843047553,3.884081061765892,Golden_Chain.usd
18.014812819040742,77.88525903697547,14.067157130877577,American_Beech.usd
20.886934323276467,26.00376280036488,9.96509297999536,Fraxinus.usd
43.539193981079094,46.935802623775636,10.34646569360387,Fraxinus.usd
90.60720198746833,23.476902788168104,1.030605259890254,Fraxinus.usd
47.4978310539855,42.50550997351519,10.083412468695666,American_Beech.usd
48.18781472380895,12.744450313613921,6.475787262581624,American_Beech.usd
6.706119842532934,50.288240537254126,10.823136821387314,Blue_Berry_Elder.usd
93.39856316773904,76.54156985402103,3.3047599297265315,American_Beech.usd
24.589381961418205,93.29449497525492,15.55356031966693,Golden_Chain.usd
25.39825594703975,13.50965838268046,10.86668006320571,Common_Apple.usd
24.102052015669347,50.08065824439373,9.630530819162974,Fraxinus.usd
31.86627963390302,94.28307489271924,13.999167568147962,American_Beech.usd
5.314908041439806,23.8374176788896,9.690096868640895,American_Beech.usd
53.27314684091533,89.79396446660209,10.485680483764536,Fraxinus.usd
39.39588743181219,31.282149731080345,8.424952252312217,Fraxinus.usd
83.5668825167683,16.818178005187384,2.5769328346207545,Common_Apple.usd
97.63633886790421,91.01283396428038,2.87180550212749,Fraxinus.usd
98.49903909230756,49.730895846916695,0.877943609576198,Blue_Berry_Elder.usd
85.3575732565125,61.82873496682944,4.658840028834803,American_Beech.usd
48.53079287140126,42.88935653095636,10.201726947675184,American_Beech.usd
18.110083843698533,33.0092271834463,9.37553516130519,Common_Apple.usd
96.5590853315229,95.94338298200034,3.120698541716459,Fraxinus.usd
62.67412076342437,74.01910667482693,9.532066625970833,Blue_Berry_Elder.usd
57.35774004893859,34.1250204988461,6.241152655047933,Common_Apple.usd
22.62921013649543,19.422561609296555,10.64373014039526,Common_Apple.usd
53.75458827531458,46.89661289262191,11.025616586060782,Fraxinus.usd
28.958014552908967,40.87283134742769,9.415000796530482,American_Beech.usd
74.11454219928285,6.4019408267702635,3.059616789250139,American_Beech.usd
5.77414745614774,91.90526780382025,18.605092687638376,Common_Apple.usd
32.4085576065926,73.49846193105142,11.706215432832536,Fraxinus.usd
49.03086425485515,102.09855839323333,11.242242652733252,Fraxinus.usd
20.950745336138386,54.07523380178107,9.81999149863804,Fraxinus.usd
84.2423536756847,74.96046582947505,4.610404697487907,Golden_Chain.usd
33.7201810226831,11.602123733943712,9.705456870391593,American_Beech.usd
23.082716007426665,26.120710465933012,9.90049277806532,American_Beech.usd
94.08676267830566,75.79815249601229,3.29621022803862,American_Beech.usd
67.09687875232426,102.03074354159533,8.448241859724082,Fraxinus.usd
58.309877773922445,36.11247997250299,6.245697077848887,Common_Apple.usd
30.766486904260706,18.70236942892091,10.576048178494862,Golden_Chain.usd
44.178221031051194,33.13514797530134,8.256543229314413,Fraxinus.usd
9.643307914384927,27.408639566148743,9.693550223826113,American_Beech.usd
4.083045749714678,23.94552687939922,9.677864549372243,American_Beech.usd
97.22038616336543,46.346997985285505,0.8029349005099837,Common_Apple.usd
26.571495936129804,53.698956734589444,9.753055153689013,Fraxinus.usd
56.64506791521621,93.45294828833883,10.08501521045077,Fraxinus.usd
46.70317374225515,38.365538786437,9.400184031485008,American_Beech.usd
62.16495958577415,76.57848288923455,9.241047922565347,Blue_Berry_Elder.usd
25.409000297322848,24.952626436699017,10.50778331789703,Golden_Chain.usd
45.17635625655928,8.389000782279501,6.450516603493675,American_Beech.usd
35.79396409030011,77.12641286325066,11.592769761790374,American_Beech.usd
25.213474973666088,24.45046231392921,10.540897383195963,Golden_Chain.usd
5.84578998114023,32.09781542638786,9.198747294523667,Blue_Berry_Elder.usd
67.10430378576096,44.81460668994087,6.856484029951305,Fraxinus.usd
18.05624157632958,79.09788763058455,14.062161870828012,American_Beech.usd
15.07087364922831,65.59498525646545,13.518217695693874,Fraxinus.usd
90.12097427865727,86.28969321997826,3.6116764847135583,Fraxinus.usd
89.1808693357722,27.1759324476139,1.3858294787198693,Fraxinus.usd
46.87838379242969,80.27237799670952,10.906879449840773,American_Beech.usd
95.2382608538096,17.11142209973213,0.3060029919304982,Common_Apple.usd
95.55228077082543,88.46208695495932,2.8816443536599996,Fraxinus.usd
62.12187482343638,85.10549321254807,9.06984330183892,Common_Apple.usd
66.29872333867254,94.47958220747748,8.394297471847423,Common_Apple.usd
87.21608889267523,39.608321257364494,3.321587779721962,American_Beech.usd
43.81516343553422,71.18623942222341,11.109581059701874,Fraxinus.usd
42.93941053427066,78.72720089861093,11.106185460088762,Common_Apple.usd
24.861329484232577,97.05008889465002,15.897252382275028,Common_Apple.usd
44.83865333205106,80.96891821747323,11.046986278990138,Fraxinus.usd
17.06842071645119,34.57190604250049,9.29322857686368,American_Beech.usd
19.24256845253784,0.894752620475465,10.83215992957702,American_Beech.usd
100.94959621274383,32.99781403636555,0.45000688754580126,Golden_Chain.usd
33.16760943230633,29.138796225033513,10.181906085212136,Blue_Berry_Elder.usd
20.495805180979662,2.9888992327223463,10.786030497657201,American_Beech.usd
27.372300467586538,6.022440394653302,9.91907341263249,American_Beech.usd
45.407099474696174,40.51592606737724,9.662399288171494,American_Beech.usd
40.277832683297845,37.31835189560512,9.828480837593434,Common_Apple.usd
66.71209045454393,70.67131407990976,9.406461031377273,Blue_Berry_Elder.usd
